"Zip Code","City","State","lat","lng","% of Visits","Visits","YoY Change in Visits","% YoY Change in Visits"
"78537","Donna","TX","26.173243510118095","-98.05743413936362","0.116","413","366","778.7234042553191"
"88415","Clayton","NM","36.35167992129692","-103.3263818730881","0.114","403","-136","-25.231910946196656"
"79022","Dalhart","TX","36.10008301191853","-102.61442135120872","0.112","396","-411","-50.92936802973978"
"79404","Lubbock","TX","33.52648806553675","-101.79858126144487","0.098","348","-51","-12.781954887218049"
"88203","Roswell","NM","33.221728041813016","-104.43899056503476","0.098","348","129","58.904109589041084"
"79063","Nazareth","TX","34.51063431245243","-102.11499195548036","0.097","346","-272","-44.01294498381877"
"79371","Sudan","TX","33.97942401101909","-102.69412386351678","0.097","344","-94","-21.461187214611876"
"78681","Round Rock","TX","30.535482606092774","-97.719795927973","0.091","324","256","376.4705882352941"
"79088","Tulia","TX","34.574614047579736","-101.69315839846698","0.091","322","-5","-1.5290519877675823"
"79416","Lubbock","TX","33.604734041210975","-101.97654368358766","0.086","305","57","22.983870967741925"
"79406","Lubbock","TX","33.58338747387883","-101.8808257886044","0.083","293","-272","-48.14159292035398"
"79346","Morton","TX","33.64806014106225","-102.82305385376857","0.08","283","-114","-28.71536523929471"
"79064","Olton","TX","34.1773668376282","-102.12699774402482","0.078","276","-566","-67.2209026128266"
"79001","Adrian","TX","35.28240315192947","-102.80226214312694","0.075","266","7","2.7027027027026973"
"79041","Hale Center","TX","34.037595439054265","-101.93473105325901","0.07","249","225","937.5"
"79101","Amarillo","TX","35.206072304121726","-101.83950020672927","0.068","240","95","65.51724137931035"
"67846","Garden City","KS","38.02310699168467","-100.77756756912721","0.062","220","169","331.37254901960785"
"79424","Lubbock","TX","33.46865422690192","-101.93881477244446","0.059","210","58","38.1578947368421"
"68025","Fremont","NE","41.43747304401638","-96.49152295013575","0.059","208","50","31.645569620253156"
"79241","Aiken","TX","34.180661784683394","-101.38506755609565","0.058","206","122","145.23809523809524"
"78840","Del Rio","TX","29.744920017899734","-100.92365292522068","0.058","205","165","412.5"
"88260","Lovington","NM","32.98703042996358","-103.3979637224464","0.055","195","66","51.162790697674424"
"79413","Lubbock","TX","33.54575595413787","-101.88777890226807","0.055","195","61","45.5223880597015"
"79104","Amarillo","TX","35.20111815590894","-101.79012148428873","0.054","193","-98","-33.67697594501718"
"79415","Lubbock","TX","33.69864224129021","-101.90500508085017","0.054","193","22","12.865497076023402"
"79065","Pampa","TX","35.52363508264797","-100.90377604858887","0.054","192","-500","-72.25433526011561"
"87123","Albuquerque","NM","35.06206500409539","-106.46988781443308","0.051","180","180","N/A"
"79042","Happy","TX","34.74801981123924","-101.89447989086281","0.05","179","-141","-44.06250000000001"
"79007","Borger","TX","35.66634225987298","-101.41441711628438","0.05","177","-302","-63.048016701461385"
"38108","Memphis","TN","35.17630117964145","-89.96389131037793","0.046","162","162","N/A"
"78599","Weslaco","TX","26.21808461513023","-97.99086925045412","0.044","155","65","72.22222222222223"
"79423","Lubbock","TX","33.43376338653662","-101.84752573889398","0.042","150","-76","-33.62831858407079"
"67124","Pratt","KS","37.636442049899976","-98.77233554473514","0.042","148","-77","-34.22222222222222"
"79339","Littlefield","TX","33.879343088327715","-102.3469040418395","0.041","146","-230","-61.170212765957444"
"21157","Westminster","MD","39.548920385057286","-76.9815867007363","0.041","145","145","N/A"
"79360","Seminole","TX","32.6901903646258","-102.72479598406596","0.041","144","-98","-40.49586776859504"
"79016","Canyon","TX","34.98338271531772","-101.91480372198396","0.04","143","90","169.81132075471697"
"83202","Pocatello","ID","42.970594023031985","-112.3474000410795","0.04","140","140","N/A"
"78751","Austin","TX","30.31075594225005","-97.7227668019997","0.037","131","131","N/A"
"82070","Laramie","WY","41.214062601116524","-105.85038234606212","0.036","129","-299","-69.85981308411215"
"44857","Norwalk","OH","41.21785780360737","-82.58212346231764","0.036","127","127","N/A"
"79019","Claude","TX","34.98100898096355","-101.39288334811378","0.035","124","76","158.33333333333334"
"88240","Hobbs","NM","32.672877931168195","-103.43455340594355","0.035","123","-402","-76.57142857142857"
"88124","Melrose","NM","34.5276694426037","-103.64728981904858","0.034","121","95","365.3846153846154"
"79762","Odessa","TX","31.925724369627048","-102.35503459508968","0.034","120","-20","-14.28571428571429"
"77845","College Station","TX","30.56211210361931","-96.27608682830515","0.034","120","6","5.263157894736836"
"79323","Denver City","TX","32.946777505571","-102.89675155879529","0.034","119","7","6.25"
"79098","Wildorado","TX","35.15669215842383","-102.2164499411551","0.033","118","-292","-71.21951219512195"
"88120","Grady","NM","34.90329951357088","-103.42523210383054","0.032","114","53","86.88524590163935"
"79316","Brownfield","TX","33.134775062285385","-102.30580528391617","0.032","113","-233","-67.34104046242774"
"79091","Umbarger","TX","34.87049426929754","-102.11431329730304","0.032","112","101","918.1818181818181"
"88201","Roswell","NM","33.66513672397501","-104.48931859871631","0.031","111","-79","-41.57894736842105"
"73521","Altus","OK","34.63547410732039","-99.31537107485516","0.031","111","50","81.9672131147541"
"79053","Lazbuddie","TX","34.4028374101699","-102.59107780507655","0.031","111","-24","-17.777777777777782"
"89502","Reno","NV","39.49382571833828","-119.74698636314304","0.031","110","110","N/A"
"78589","San Juan","TX","26.15359776116458","-98.1597663865182","0.03","108","108","N/A"
"79070","Perryton","TX","36.25348107200919","-100.80733005435931","0.03","107","-76","-41.53005464480874"
"88310","Alamogordo","NM","32.71817047750559","-106.07242266796105","0.03","106","7","7.070707070707072"
"76903","San Angelo","TX","31.48170039937002","-100.43786589089761","0.029","104","-67","-39.18128654970761"
"85755","Tucson","AZ","32.46835457440197","-110.98151642490521","0.029","103","103","N/A"
"74135","Tulsa","OK","36.097277380484904","-95.92317088975759","0.028","100","100","N/A"
"77340","Huntsville","TX","30.646014770461207","-95.53442154612152","0.028","99","99","N/A"
"79761","Odessa","TX","31.85604071530122","-102.34851387783364","0.028","98","-56","-36.36363636363637"
"79927","El Paso","TX","31.64563107501262","-106.27354917772826","0.027","97","69","246.42857142857144"
"79720","Big Spring","TX","32.20171295294419","-101.5139270440693","0.027","97","97","N/A"
"74729","Caddo","OK","34.146726210228515","-96.2528965422102","0.027","97","97","N/A"
"79086","Sunray","TX","36.1353249499791","-101.79255606781373","0.027","95","-128","-57.399103139013455"
"79403","Lubbock","TX","33.64332669804446","-101.76598316449346","0.026","93","-87","-48.33333333333333"
"73945","Hooker","OK","36.8320914391091","-101.22473680752996","0.026","92","92","N/A"
"76706","Waco","TX","31.464993771177568","-97.09128159318361","0.026","91","91","N/A"
"93272","Tipton","CA","36.04817610827034","-119.34536762270218","0.026","91","-117","-56.25"
"73160","Oklahoma City","OK","35.33573076070976","-97.47651591441362","0.026","91","55","152.77777777777777"
"87401","Farmington","NM","36.7382110399992","-108.18377797699617","0.026","91","-144","-61.27659574468085"
"82240","Torrington","WY","42.23067488477055","-104.17821487077147","0.026","90","90","N/A"
"79904","El Paso","TX","31.850060668631926","-106.45419000086493","0.025","89","89","N/A"
"79121","Amarillo","TX","35.17446145953023","-101.92921929547639","0.025","89","-124","-58.21596244131455"
"78741","Austin","TX","30.230062791991042","-97.71389773808441","0.025","87","-284","-76.54986522911051"
"79111","Amarillo","TX","35.219337860832525","-101.68954384215323","0.025","87","3","3.571428571428581"
"80239","Denver","CO","39.78801263529561","-104.8332927661181","0.024","86","86","N/A"
"79044","Hartley","TX","35.8745863705333","-102.37903551527832","0.024","84","70","500"
"78014","Cotulla","TX","28.398369417217644","-99.10949206083016","0.023","83","43","107.50000000000001"
"79766","Odessa","TX","31.710134885104765","-102.36190948403244","0.023","82","8","10.81081081081081"
"88242","Hobbs","NM","32.81653374393782","-103.1601328054865","0.023","82","82","N/A"
"10024","New York","NY","40.78537132498081","-73.97133550336986","0.023","81","81","N/A"
"88112","Broadview","NM","34.91022289295816","-103.15871084825987","0.023","81","0","0"
"77801","Bryan","TX","30.639655071229488","-96.36444978149972","0.023","80","34","73.91304347826086"
"79084","Stratford","TX","36.2550144993835","-102.01824816066527","0.022","80","52","185.71428571428572"
"79014","Canadian","TX","35.91912662237922","-100.32119998242305","0.022","79","-8","-9.195402298850574"
"76904","San Angelo","TX","31.28845124308329","-100.41695933817539","0.022","79","27","51.92307692307692"
"79355","Plains","TX","33.166061593541436","-102.8947970494763","0.022","78","-71","-47.651006711409394"
"79312","Amherst","TX","34.06212571477103","-102.36780670724407","0.022","77","-124","-61.69154228855722"
"63011","Ballwin","MO","38.60339681186398","-90.5583793075753","0.021","76","76","N/A"
"79356","Post","TX","33.25618060293353","-101.3324662740323","0.021","76","24","46.153846153846146"
"79412","Lubbock","TX","33.54636863380272","-101.8576300587162","0.021","75","-9","-10.71428571428571"
"79706","Midland","TX","31.83621278198279","-101.97026804011475","0.021","74","63","572.7272727272727"
"81052","Lamar","CO","37.9423909139954","-102.65627840069561","0.021","74","74","N/A"
"79311","Abernathy","TX","33.857807207900684","-101.88224912635584","0.021","74","-74","-50"
"79934","El Paso","TX","31.952108246000222","-106.43391320757699","0.021","73","48","192"
"74820","Ada","OK","34.80691140129803","-96.71348148484095","0.021","73","58","386.66666666666663"
"80401","Golden","CO","39.71672537737684","-105.23287186098389","0.021","73","73","N/A"
"76543","Killeen","TX","31.123428364794794","-97.64075458871136","0.021","73","45","160.71428571428572"
"79096","Wheeler","TX","35.451332458121186","-100.19831502362489","0.021","73","25","52.08333333333333"
"81321","Cortez","CO","37.31825726120613","-108.76263363943208","0.02","72","72","N/A"
"81101","Alamosa","CO","37.471951450061695","-105.85237536705222","0.02","72","72","N/A"
"17543","Elm","PA","40.18219756437568","-76.30042033645032","0.02","71","71","N/A"
"79313","Anton","TX","33.812620925071","-102.16092406298006","0.02","70","39","125.80645161290325"
"67880","Ulysses","KS","37.60482958101519","-101.32382934143614","0.019","68","19","38.775510204081634"
"60804","Cicero","IL","41.840036090339055","-87.75925484906699","0.019","67","67","N/A"
"99709","Fairbanks","AK","64.87401807460633","-148.2245818564095","0.019","67","67","N/A"
"75010","Carrollton","TX","33.03059429531195","-96.90148165439345","0.019","67","-258","-79.38461538461539"
"79082","Springlake","TX","34.2188185684223","-102.28619330129497","0.019","66","32","94.11764705882352"
"79018","Channing","TX","35.69323056670524","-102.33771099251337","0.019","66","-8","-10.81081081081081"
"79549","Dunn","TX","32.90153080789933","-100.90406756770811","0.019","66","-6","-8.333333333333337"
"73119","Oklahoma City","OK","35.42149430066713","-97.56896202197316","0.018","65","37","132.14285714285717"
"79912","El Paso","TX","31.84839693260608","-106.532745197807","0.018","65","65","N/A"
"79382","Wolfforth","TX","33.46578704374731","-102.02288188600171","0.018","64","-49","-43.36283185840708"
"79764","Odessa","TX","31.885426303840358","-102.47387308788298","0.018","64","49","326.6666666666667"
"66605","Topeka","KS","39.01167711674237","-95.63279949957796","0.018","63","63","N/A"
"76010","Arlington","TX","32.72270911302664","-97.08065919751111","0.018","63","63","N/A"
"79936","El Paso","TX","31.77371689822876","-106.29629289773851","0.018","62","-210","-77.20588235294117"
"73072","Norman","OK","35.211058604398836","-97.50516063634765","0.017","61","-60","-49.586776859504134"
"93727","Fresno","CA","36.751180649588626","-119.69733313597256","0.017","61","61","N/A"
"78730","Austin","TX","30.36320046489184","-97.83842551814168","0.017","61","61","N/A"
"29307","Spartanburg","SC","34.98383364060331","-81.83148213358531","0.017","61","61","N/A"
"88210","Artesia","NM","32.77272984538128","-104.22569189503969","0.017","61","15","32.6086956521739"
"64836","Carthage","MO","37.18885658701309","-94.28898301192706","0.017","60","60","N/A"
"88121","House","NM","34.679808787605616","-103.97724506319413","0.017","60","60","N/A"
"02128","East Boston","MA","42.373391534022645","-71.0162215098359","0.017","60","60","N/A"
"88007","Las Cruces","NM","32.371031027707325","-106.99840058036742","0.017","59","59","N/A"
"85716","Tucson","AZ","32.242199348865846","-110.92352878258325","0.017","59","-361","-85.95238095238096"
"92301","Adelanto","CA","34.651828403769166","-117.52615081091056","0.016","58","58","N/A"
"75041","Garland","TX","32.881025044865915","-96.65147298736309","0.016","57","57","N/A"
"73644","Elk City","OK","35.40327068125286","-99.42716994433746","0.016","57","25","78.125"
"79363","Shallowater","TX","33.70764645166842","-102.03805766384377","0.016","57","-27","-32.14285714285714"
"73951","Tyrone","OK","36.95006692663045","-101.05459010848001","0.016","57","-42","-42.42424242424242"
"43230","Columbus","OH","40.036466166442025","-82.870582342348","0.016","57","57","N/A"
"71409","Boyce","LA","31.312855894727722","-92.699562970207","0.016","56","56","N/A"
"76108","Fort Worth","TX","32.779444328644416","-97.51811126770194","0.016","56","56","N/A"
"88426","Logan","NM","35.52365705616011","-103.4761637106316","0.016","56","31","124.00000000000003"
"79763","Odessa","TX","31.80766109248681","-102.46742853014871","0.016","56","-94","-62.66666666666667"
"73013","Edmond","OK","35.62148499149648","-97.49612186360137","0.016","56","-89","-61.37931034482759"
"79025","Dawn","TX","34.94940429621346","-102.20116413979086","0.016","55","55","N/A"
"81067","Rocky Ford","CO","38.01676213201274","-103.72323656551076","0.015","54","54","N/A"
"80015","Aurora","CO","39.62737685820208","-104.79498327292977","0.015","53","53","N/A"
"74066","Sapulpa","OK","35.9938017074555","-96.16754637308271","0.015","53","53","N/A"
"79603","Abilene","TX","32.39903551344034","-99.89228304879123","0.015","52","52","N/A"
"73036","El Reno","OK","35.50752966622531","-97.95771763181556","0.015","51","33","183.33333333333334"
"27344","Siler City","NC","35.72893798453912","-79.43364143687305","0.014","51","51","N/A"
"78704","Austin","TX","30.242962991574437","-97.76536922616671","0.014","51","-16","-23.880597014925375"
"73654","Leedey","OK","35.85907292671125","-99.3748344580597","0.014","50","16","47.058823529411775"
"85122","Casa Grande","AZ","32.91673718937338","-111.74798093878994","0.014","50","-15","-23.076923076923073"
"78712","Austin","TX","30.283916456628905","-97.73293737507325","0.014","50","50","N/A"
"82604","Casper","WY","42.91752598355499","-106.70841639822284","0.014","50","50","N/A"
"76541","Killeen","TX","31.114454031677752","-97.72919375726156","0.014","50","50","N/A"
"76116","Fort Worth","TX","32.721279463378465","-97.44765450577248","0.014","49","49","N/A"
"76710","Waco","TX","31.538712019476346","-97.19550267514865","0.014","49","-3","-5.769230769230771"
"87121","Albuquerque","NM","35.01023519824746","-106.87817585293003","0.014","49","49","N/A"
"85308","Glendale","AZ","33.66028378499481","-112.18490589712873","0.014","48","48","N/A"
"93230","Hanford","CA","36.28966114491213","-119.62513052714438","0.014","48","48","N/A"
"83338","Jerome","ID","42.72501131465875","-114.43273921386195","0.014","48","48","N/A"
"77069","Houston","TX","29.98624810344573","-95.52400485828194","0.014","48","48","N/A"
"78731","Austin","TX","30.347733470968326","-97.76871362025354","0.013","48","48","N/A"
"88061","Silver City","NM","32.62113950044037","-108.40888292986428","0.013","48","-103","-68.21192052980132"
"85712","Tucson","AZ","32.252277459504256","-110.88641930257305","0.013","47","47","N/A"
"79838","Fabens","TX","31.493633067111183","-106.17020724402357","0.013","47","17","56.666666666666664"
"76424","Breckenridge","TX","32.80430395460366","-98.89236436064516","0.013","47","47","N/A"
"92253","La Quinta","CA","33.65566090133224","-116.28788573260591","0.013","46","-108","-70.12987012987013"
"67801","Dodge City","KS","37.72960244381937","-100.05406676267128","0.013","46","16","53.33333333333334"
"79329","Idalou","TX","33.72503051558188","-101.68808017322296","0.013","46","23","100"
"76932","Big Lake","TX","31.191238448050022","-101.54983418287894","0.013","45","45","N/A"
"33597","Webster","FL","28.526759178836254","-82.08612194052508","0.013","45","45","N/A"
"79052","Kress","TX","34.3586903964544","-101.76276232575415","0.013","45","16","55.172413793103445"
"75052","Grand Prairie","TX","32.664562505322266","-97.02807368469277","0.013","44","44","N/A"
"79401","Lubbock","TX","33.586823036990666","-101.8518318970488","0.013","44","30","214.28571428571428"
"81049","Kim","CO","37.31337984706266","-103.36309705179217","0.012","44","44","N/A"
"67901","Liberal","KS","37.09432662909999","-100.89861226509093","0.012","44","-76","-63.33333333333333"
"73114","Oklahoma City","OK","35.57918489660074","-97.51783257941423","0.012","44","44","N/A"
"60505","Aurora","IL","41.76523070776794","-88.29576750771069","0.012","44","-23","-34.32835820895522"
"80231","Denver","CO","39.671227070573494","-104.88786243178139","0.012","44","44","N/A"
"47304","Muncie","IN","40.233988736327","-85.45971531444266","0.012","44","44","N/A"
"78541","Edinburg","TX","26.4528093508562","-98.28631747176003","0.012","43","-36","-45.56962025316456"
"88231","Eunice","NM","32.42377683647989","-103.2687811760918","0.012","42","25","147.05882352941177"
"81054","Fort Lyon","CO","37.88583025932815","-103.19500537262401","0.012","41","41","N/A"
"79358","Ropesville","TX","33.432068053915415","-102.20020938406064","0.012","41","9","28.125"
"80302","Boulder","CO","40.03062189881452","-105.35537716092841","0.012","41","41","N/A"
"76048","Granbury","TX","32.407912429899916","-97.8011743067465","0.012","41","8","24.242424242424242"
"87144","Rio Rancho","NM","35.33075730177821","-106.71247523574739","0.012","41","16","63.99999999999999"
"80723","Brush","CO","40.159784732402066","-103.55047404690046","0.011","41","41","N/A"
"85747","Tucson","AZ","32.09318298786973","-110.77229487744296","0.011","41","41","N/A"
"88345","Ruidoso","NM","33.351258019067046","-105.67093761402118","0.011","41","-11","-21.153846153846157"
"66101","Kansas City","KS","39.11874517113938","-94.62590438358276","0.011","41","41","N/A"
"57106","Sioux Falls","SD","43.50951966407899","-96.83918021109666","0.011","40","40","N/A"
"87109","Albuquerque","NM","35.15284882838796","-106.57545065933266","0.011","40","40","N/A"
"76234","Decatur","TX","33.27586835346981","-97.51405446415754","0.011","40","40","N/A"
"02888","Warwick","RI","41.748673285327534","-71.40874231659258","0.011","40","40","N/A"
"92626","Costa Mesa","CA","33.67894204808706","-117.90841949026942","0.011","40","40","N/A"
"79714","Andrews","TX","32.32946350429136","-102.7133475558334","0.011","40","40","N/A"
"21030","Cockeysville","MD","39.49002426033483","-76.66589546032313","0.011","39","39","N/A"
"67301","Independence","KS","37.21089883998694","-95.75225780784315","0.011","39","39","N/A"
"69210","Ainsworth","NE","42.39774778904712","-99.84936534225389","0.011","38","38","N/A"
"64111","Kansas City","MO","39.05708086249227","-94.593899367936","0.011","38","38","N/A"
"83642","Meridian","ID","43.57335067104644","-116.40119033301272","0.011","38","38","N/A"
"74501","McAlester","OK","34.985022803948254","-95.78598680899175","0.011","38","38","N/A"
"92503","Riverside","CA","33.88310363642158","-117.45223051928038","0.011","38","38","N/A"
"01887","Wilmington","MA","42.56091549520793","-71.16540581079903","0.011","38","38","N/A"
"30345","Atlanta","GA","33.85088370275892","-84.28314782004878","0.011","38","38","N/A"
"67867","Montezuma","KS","37.5681309472283","-100.45804343290897","0.01","37","-80","-68.37606837606837"
"58318","Bottineau","ND","48.8511934487594","-100.40301232091372","0.01","37","37","N/A"
"62938","Golconda","IL","37.38243905930585","-88.54684169125734","0.01","37","37","N/A"
"68516","Lincoln","NE","40.73492992062461","-96.64279928292402","0.01","37","-302","-89.08554572271386"
"37303","Athens","TN","35.4403187344082","-84.64050112427884","0.01","37","37","N/A"
"70126","New Orleans","LA","30.019484151757077","-90.01740704435389","0.01","37","37","N/A"
"88081","Chaparral","NM","32.24958402201751","-106.28830325867285","0.01","37","9","32.14285714285714"
"51012","Cherokee","IA","42.744750416722525","-95.56167677060864","0.01","36","36","N/A"
"78264","San Antonio","TX","29.198671719118312","-98.50533405290098","0.01","36","36","N/A"
"73942","Guymon","OK","36.74455369096795","-101.49555272465439","0.01","36","9","33.33333333333333"
"85201","Mesa","AZ","33.433603905705844","-111.84925030852196","0.01","36","36","N/A"
"65803","Springfield","MO","37.28462909551558","-93.29034974705196","0.01","36","36","N/A"
"79220","Afton","TX","33.76580732681839","-100.76612948825058","0.01","36","36","N/A"
"73159","Oklahoma City","OK","35.38563131230636","-97.57938079037828","0.01","36","-48","-57.14285714285714"
"79907","El Paso","TX","31.70742027114088","-106.32679143393611","0.01","36","-6","-14.28571428571429"
"79414","Lubbock","TX","33.54863564736115","-101.91944280896446","0.01","35","-85","-70.83333333333333"
"40291","Louisville","KY","38.12747972874567","-85.578248264406","0.01","35","35","N/A"
"72713","Bentonville","AR","36.30035874204055","-94.28372304503016","0.01","35","35","N/A"
"80863","Woodland Park","CO","39.030058481274374","-105.07131959666944","0.01","35","35","N/A"
"19454","North Wales","PA","40.22300413237598","-75.24359477456379","0.01","35","-8","-18.6046511627907"
"73135","Oklahoma City","OK","35.39642123338116","-97.42697136825575","0.01","34","34","N/A"
"33064","Pompano Beach","FL","26.27806373666309","-80.1152082160442","0.01","34","34","N/A"
"75766","Jacksonville","TX","31.945919442840317","-95.25182508940827","0.01","34","34","N/A"
"79915","El Paso","TX","31.745879455711894","-106.37241765273143","0.009","33","33","N/A"
"79250","Petersburg","TX","33.881332228846354","-101.59877058198867","0.009","33","33","N/A"
"79036","Fritch","TX","35.59730929403915","-101.54827175917262","0.009","33","-124","-78.98089171974523"
"85746","Tucson","AZ","32.06962514041045","-111.09046594005645","0.009","33","33","N/A"
"79087","Texline","TX","36.32786793257809","-102.93653717712083","0.009","33","33","N/A"
"77705","Beaumont","TX","29.906519673333463","-94.16957478356272","0.009","33","33","N/A"
"75246","Dallas","TX","32.79296144776966","-96.77327267015401","0.009","33","-340","-91.15281501340482"
"69101","North Platte","NE","41.15018458352382","-100.8031788757048","0.009","33","33","N/A"
"75154","Red Oak","TX","32.52318562675517","-96.80888706635494","0.009","33","33","N/A"
"74864","Prague","OK","35.492100274212724","-96.70267317545112","0.009","33","33","N/A"
"46229","Indianapolis","IN","39.788510319006626","-85.97801111517371","0.009","33","33","N/A"
"78666","San Marcos","TX","29.882603511631743","-97.97974790310626","0.009","33","16","94.11764705882352"
"76105","Fort Worth","TX","32.72328681247966","-97.2700079767419","0.009","33","33","N/A"
"77840","College Station","TX","30.611528921111073","-96.32326490406149","0.009","33","33","N/A"
"76401","Stephenville","TX","32.27916635060585","-98.19993323154023","0.009","33","-31","-48.4375"
"75062","Irving","TX","32.84698830776827","-96.95816729577243","0.009","32","32","N/A"
"92058","Oceanside","CA","33.282750145217626","-117.34343834147398","0.009","32","32","N/A"
"79938","El Paso","TX","31.85764079507704","-106.03905497904944","0.009","32","-159","-83.24607329842932"
"88220","Carlsbad","NM","32.31422767201165","-104.41734735298394","0.009","32","-13","-28.888888888888886"
"79745","Kermit","TX","31.853000229445676","-103.0332334493022","0.009","32","19","146.15384615384616"
"78046","Laredo","TX","27.38370474983876","-99.36805128482732","0.009","32","32","N/A"
"87035","Moriarty","NM","34.9511801921839","-105.90277489337603","0.009","32","32","N/A"
"78332","Alice","TX","27.716713929884595","-98.13209234020383","0.009","32","32","N/A"
"79343","Lorenzo","TX","33.65095499997713","-101.54459180709406","0.009","32","-4","-11.111111111111116"
"50316","Des Moines","IA","41.60877019907311","-93.59780507531373","0.009","31","31","N/A"
"88346","Ruidoso Downs","NM","33.34814485094551","-105.54070662137234","0.009","31","-17","-35.416666666666664"
"55128","Saint Paul","MN","44.988125347363265","-92.96405061796806","0.009","31","31","N/A"
"38821","Amory","MS","33.97502242184294","-88.43918211012178","0.009","31","31","N/A"
"77078","Houston","TX","29.85291460446172","-95.25089323888379","0.009","31","31","N/A"
"81003","Pueblo","CO","38.2778011530308","-104.65666543354301","0.009","31","31","N/A"
"80022","Commerce City","CO","39.86449513645556","-104.7886779045533","0.009","31","31","N/A"
"76384","Vernon","TX","34.143525154199956","-99.32069387367389","0.009","31","-55","-63.95348837209303"
"77489","Missouri City","TX","29.600678929613544","-95.51605372692889","0.009","31","-49","-61.25000000000001"
"77437","El Campo","TX","29.204511562157442","-96.27328017008622","0.009","31","-27","-46.55172413793104"
"78504","McAllen","TX","26.277595839590184","-98.23728099908675","0.009","31","-28","-47.45762711864406"
"88132","Lingo","NM","33.92387332087664","-103.18860711274236","0.009","30","30","N/A"
"80701","Fort Morgan","CO","40.13493426652097","-103.81105325309784","0.009","30","30","N/A"
"44131","Independence","OH","41.3835062115015","-81.65347533090276","0.009","30","30","N/A"
"98248","Ferndale","WA","48.86451573522737","-122.62263847988221","0.009","30","30","N/A"
"86029","Sun Valley","AZ","34.96834466993852","-110.01176212432993","0.008","30","30","N/A"
"80910","Colorado Springs","CO","38.81176435074142","-104.77426099374152","0.008","30","-8","-21.052631578947366"
"85118","Gold Canyon","AZ","33.37369417938347","-111.36547359417156","0.008","30","30","N/A"
"84770","Saint George","UT","37.13820374476026","-113.62943282155514","0.008","30","30","N/A"
"75093","Plano","TX","33.03521818233605","-96.80946889809631","0.008","30","-6","-16.666666666666664"
"76539","Kempner","TX","31.091972390369364","-97.99920078072674","0.008","30","13","76.47058823529412"
"66866","Peabody","KS","38.17440166380863","-97.10384190842403","0.008","30","30","N/A"
"67335","Cherryvale","KS","37.28004338030832","-95.53380397587534","0.008","30","30","N/A"
"80136","Strasburg","CO","39.80735203185757","-104.29604407490942","0.008","29","29","N/A"
"73949","Texhoma","OK","36.59290106500774","-101.9856292392266","0.008","29","-9","-23.684210526315784"
"72916","Fort Smith","AR","35.27247382221134","-94.3725654526677","0.008","29","29","N/A"
"88318","Cedarvale","NM","34.224936058630824","-105.44161896166926","0.008","29","29","N/A"
"79097","White Deer","TX","35.43103424095089","-101.17405848062637","0.008","29","-101","-77.6923076923077"
"75446","Honey Grove","TX","33.61382074983342","-95.89178732616391","0.008","29","15","107.14285714285717"
"32459","Santa Rosa Beach","FL","30.363377505561946","-86.184862376677","0.008","29","-4","-12.121212121212121"
"88001","Las Cruces","NM","32.29022190724242","-106.75314769075108","0.008","29","-6","-17.14285714285714"
"75060","Irving","TX","32.79772955142046","-96.95296588037226","0.008","29","29","N/A"
"34482","Ocala","FL","29.249854226322796","-82.27702729817432","0.008","29","29","N/A"
"74940","Howe","OK","34.94988533481828","-94.63146198448358","0.008","29","29","N/A"
"78076","Zapata","TX","26.93150344556548","-99.13382399374586","0.008","28","28","N/A"
"92399","Yucaipa","CA","34.044700225052885","-117.00399512748716","0.008","28","28","N/A"
"78230","San Antonio","TX","29.545482417940814","-98.55570868618929","0.008","28","28","N/A"
"27407","Greensboro","NC","36.011162557729904","-79.87587985577022","0.008","28","28","N/A"
"70443","Independence","LA","30.628846261549214","-90.54259747790606","0.008","28","28","N/A"
"73010","Blanchard","OK","35.09988971154817","-97.67196757043642","0.008","28","18","179.99999999999997"
"79081","Spearman","TX","36.21567850286928","-101.21053949553648","0.008","28","-115","-80.41958041958041"
"88252","Jal","NM","32.16344085284075","-103.39460836300992","0.008","28","28","N/A"
"87410","Aztec","NM","36.86703584437207","-107.89433658712842","0.008","28","28","N/A"
"88021","Anthony","NM","31.97336628058284","-106.8163807369575","0.008","28","28","N/A"
"74074","Stillwater","OK","36.07831945126837","-97.06456569439426","0.008","27","-49","-64.47368421052632"
"88312","Alto","NM","33.43186278414624","-105.64392632384997","0.008","27","-55","-67.07317073170731"
"32701","Altamonte Springs","FL","28.66509559331415","-81.36913415061913","0.008","27","27","N/A"
"76052","Haslet","TX","32.98205948554345","-97.38037513739233","0.008","27","27","N/A"
"76821","Ballinger","TX","31.738604870615102","-99.94965087101366","0.008","27","27","N/A"
"78542","Edinburg","TX","26.44409237071044","-98.0916239824691","0.008","27","-3","-9.999999999999998"
"67207","Wichita","KS","37.665677620896275","-97.22921980490854","0.008","27","27","N/A"
"93561","Tehachapi","CA","35.109048915487065","-118.5201639485977","0.008","27","27","N/A"
"74116","Tulsa","OK","36.18813469118049","-95.83619229332704","0.008","27","27","N/A"
"81055","La Veta","CO","37.47725184612984","-105.06633319252548","0.008","27","-60","-68.96551724137932"
"75968","Pineland","TX","31.258825799391172","-93.95925687270628","0.008","27","27","N/A"
"75482","Sulphur Springs","TX","33.1692885734565","-95.60945701417656","0.007","27","11","68.75"
"78959","Waelder","TX","29.69876532112497","-97.3015305518222","0.007","26","26","N/A"
"77048","Houston","TX","29.621559087019218","-95.32984568580122","0.007","26","26","N/A"
"83316","Buhl","ID","42.60622099642328","-114.8850676925317","0.007","26","-5","-16.129032258064512"
"87413","Bloomfield","NM","36.45912574912208","-107.96406422160248","0.007","26","26","N/A"
"78245","San Antonio","TX","29.40102921594024","-98.73556018829787","0.007","26","-45","-63.38028169014085"
"79059","Miami","TX","35.79827730708784","-100.73530788483737","0.007","26","26","N/A"
"67336","Chetopa","KS","37.05388535843031","-95.07486057890918","0.007","26","26","N/A"
"76134","Fort Worth","TX","32.643315703800795","-97.33101302470176","0.007","26","-72","-73.46938775510203"
"79832","Alpine","TX","30.363239999945378","-103.64924663532102","0.007","26","-235","-90.03831417624522"
"74344","Grove","OK","36.59603499949132","-94.73844513269772","0.007","26","-3","-10.344827586206895"
"76132","Fort Worth","TX","32.66744029832885","-97.41826485074604","0.007","26","26","N/A"
"38134","Memphis","TN","35.176780156959374","-89.85991127242065","0.007","26","26","N/A"
"88012","Las Cruces","NM","32.589020473688215","-106.77134292223137","0.007","26","-34","-56.666666666666664"
"77064","Houston","TX","29.922731277300386","-95.54670416661219","0.007","26","-7","-21.212121212121215"
"79928","El Paso","TX","31.678906338788643","-106.11513530936827","0.007","26","26","N/A"
"76837","Eden","TX","31.21098784513968","-99.88177881093026","0.007","26","26","N/A"
"76049","Granbury","TX","32.46757839247389","-97.70644339617552","0.007","26","-43","-62.31884057971014"
"63128","Saint Louis","MO","38.49365387250285","-90.38307401895678","0.007","26","26","N/A"
"75067","Lewisville","TX","33.014152732656285","-97.00268661111656","0.007","25","-513","-95.35315985130111"
"81650","Rifle","CO","39.759266027047204","-108.11195704567892","0.007","25","25","N/A"
"79924","El Paso","TX","31.902238130265076","-106.41354608783183","0.007","25","-6","-19.354838709677423"
"85736","Tucson","AZ","31.876260705770775","-111.37474556864719","0.007","25","25","N/A"
"74126","Tulsa","OK","36.235027407331934","-96.03309003018565","0.007","25","25","N/A"
"67648","Lucas","KS","39.077464183919155","-98.57282625098976","0.007","25","25","N/A"
"78664","Round Rock","TX","30.504655031831618","-97.64577496827383","0.007","25","25","N/A"
"72830","Clarksville","AR","35.51683898150374","-93.50861263068309","0.007","25","25","N/A"
"81235","Lake City","CO","37.99357775475569","-107.3310684699699","0.007","25","25","N/A"
"78839","Crystal City","TX","28.71285878875556","-99.75516054806008","0.007","25","-5","-16.666666666666664"
"80915","Colorado Springs","CO","38.85273063860928","-104.71653839604772","0.007","25","-35","-58.33333333333333"
"76111","Fort Worth","TX","32.78040755131372","-97.30118133933256","0.007","25","25","N/A"
"76250","Lindsay","TX","33.63005839676218","-97.24245097032798","0.007","25","25","N/A"
"21742","Hagerstown","MD","39.67365377993044","-77.65931884329423","0.007","24","24","N/A"
"78108","Cibolo","TX","29.573533934466727","-98.22068700269912","0.007","24","24","N/A"
"75165","Waxahachie","TX","32.36690252699963","-96.79677864187607","0.007","24","24","N/A"
"17721","Avis","PA","41.181567739151795","-77.31940253488965","0.007","24","24","N/A"
"72949","Ozark","AR","35.55755401544703","-93.80814872288515","0.007","24","24","N/A"
"60102","Algonquin","IL","42.16403460720813","-88.30929080625833","0.007","24","24","N/A"
"73020","Choctaw","OK","35.45588359304665","-97.26189034788754","0.007","24","-40","-62.5"
"75082","Richardson","TX","32.9921244749041","-96.66527883586551","0.007","24","-145","-85.79881656804733"
"88316","Capitan","NM","33.773029132339175","-105.36894249131166","0.007","24","-6","-19.999999999999996"
"78640","Kyle","TX","29.996191257157484","-97.82355249677583","0.007","24","-38","-61.29032258064516"
"28544","Midway Park","NC","34.70849817522199","-77.31562539209519","0.007","24","-25","-51.02040816326531"
"82601","Casper","WY","43.06544669473547","-106.3461363944799","0.007","24","24","N/A"
"49017","Battle Creek","MI","42.39787926376281","-85.21104327651419","0.007","24","24","N/A"
"45365","Sidney","OH","40.28279581085165","-84.15580850332253","0.007","23","23","N/A"
"83301","Twin Falls","ID","42.3947412736347","-114.52201571770422","0.007","23","-6","-20.68965517241379"
"78501","McAllen","TX","26.215998846158428","-98.23910631042352","0.007","23","-3","-11.538461538461542"
"76117","Haltom City","TX","32.803719712456825","-97.26768429874768","0.006","23","23","N/A"
"88119","Fort Sumner","NM","34.347762951338936","-104.40039566142094","0.006","23","-171","-88.14432989690721"
"75156","Mabank","TX","32.28758583274096","-96.09999389041627","0.006","23","23","N/A"
"78240","San Antonio","TX","29.5244167903025","-98.60810092564337","0.006","23","-49","-68.05555555555556"
"78238","San Antonio","TX","29.470821537572657","-98.61924080237984","0.006","22","22","N/A"
"79701","Midland","TX","31.99244653255301","-102.08098371839077","0.006","22","22","N/A"
"74133","Tulsa","OK","36.04113191461008","-95.8795575693711","0.006","22","22","N/A"
"32837","Orlando","FL","28.38078824752976","-81.41995457459288","0.006","22","22","N/A"
"75851","Lovelady","TX","31.09458299124312","-95.49555204303209","0.006","22","22","N/A"
"75460","Paris","TX","33.66273202500286","-95.60295720477778","0.006","22","22","N/A"
"68633","Dodge","NE","41.705883749839415","-96.89668759257178","0.006","22","22","N/A"
"76179","Fort Worth","TX","32.913970549473355","-97.43948699310097","0.006","22","-2","-8.333333333333337"
"73127","Oklahoma City","OK","35.4778299063639","-97.64836447220824","0.006","22","22","N/A"
"38618","Arkabutla","MS","34.70202620967811","-89.9341781621242","0.006","22","22","N/A"
"78368","Mathis","TX","28.11298036795195","-97.81200542762951","0.006","22","22","N/A"
"66801","Emporia","KS","38.41101057975259","-96.2221315852102","0.006","21","21","N/A"
"79512","Colorado City","TX","32.32614345645767","-100.92805255367705","0.006","21","-7","-25"
"65340","Marshall","MO","39.09149267106329","-93.1803919681643","0.006","21","21","N/A"
"67481","Sylvan Grove","KS","39.01247269240839","-98.38901873109087","0.006","21","21","N/A"
"77320","Huntsville","TX","30.806717147984028","-95.5568326667879","0.006","21","21","N/A"
"73110","Oklahoma City","OK","35.44806378710281","-97.3945122728429","0.006","21","21","N/A"
"77372","Splendora","TX","30.244701817144115","-95.18279582469148","0.006","21","21","N/A"
"77803","Bryan","TX","30.678339365777447","-96.3866853093481","0.006","21","-13","-38.23529411764706"
"72904","Fort Smith","AR","35.4151284171919","-94.3833752682048","0.006","21","21","N/A"
"79235","Floydada","TX","33.94794862051477","-101.26091901366877","0.006","21","21","N/A"
"74960","Stilwell","OK","35.809961273858086","-94.65026641832736","0.006","21","21","N/A"
"78717","Mc Neil","TX","30.48988110615671","-97.7539687528139","0.006","21","-4","-16.000000000000004"
"73505","Lawton","OK","34.57180541071046","-98.48341263143739","0.006","21","21","N/A"
"75651","Harleton","TX","32.6705894990805","-94.53066495433485","0.006","21","21","N/A"
"56143","Jackson","MN","43.6280239346573","-95.00761025620925","0.006","21","21","N/A"
"69361","Scottsbluff","NE","42.01254317017987","-103.56806327005351","0.006","21","21","N/A"
"66502","Manhattan","KS","39.14145936013429","-96.52906383580198","0.006","21","-14","-40"
"43950","Fairpoint","OH","40.09162996415179","-80.92194387173984","0.006","21","21","N/A"
"45068","Waynesville","OH","39.52812244091445","-84.0592126216276","0.006","21","21","N/A"
"79046","Higgins","TX","36.1423810963682","-100.10711286775266","0.006","21","21","N/A"
"67005","Arkansas City","KS","37.06722900302583","-96.99646830180957","0.006","21","21","N/A"
"46241","Indianapolis","IN","39.723904384543395","-86.26841460578095","0.006","21","21","N/A"
"73108","Oklahoma City","OK","35.45029865873323","-97.56768083664832","0.006","21","-12","-36.36363636363637"
"54937","Fond du Lac","WI","43.759584441095825","-88.43332088551102","0.006","21","21","N/A"
"77802","Bryan","TX","30.660910407964042","-96.32228229500244","0.006","21","21","N/A"
"77488","Wharton","TX","29.298289163480387","-96.0982115690172","0.006","20","20","N/A"
"72301","West Memphis","AR","35.13351656106295","-90.1787402930747","0.006","20","20","N/A"
"79237","Hedley","TX","34.85564829066021","-100.66585921308531","0.006","20","-23","-53.48837209302326"
"79245","Memphis","TX","34.67999141441151","-100.47551529306293","0.006","20","20","N/A"
"79601","Abilene","TX","32.572239708547144","-99.64923710855064","0.006","20","20","N/A"
"73162","Oklahoma City","OK","35.58095250857557","-97.6415050835405","0.006","20","-3","-13.043478260869568"
"80260","Denver","CO","39.86704749960562","-105.00568950417069","0.006","20","20","N/A"
"80601","Brighton","CO","39.962855132886816","-104.80779233056569","0.006","20","20","N/A"
"79083","Stinnett","TX","35.8736054508008","-101.514203804566","0.006","20","20","N/A"
"78516","Alamo","TX","26.142517302368535","-98.11976190985573","0.006","20","20","N/A"
"62966","Murphysboro","IL","37.76928329533543","-89.35197850288019","0.006","20","20","N/A"
"78613","Cedar Park","TX","30.506823721024876","-97.81937831145659","0.006","20","20","N/A"
"78550","Harlingen","TX","26.254679178655227","-97.66406726721783","0.006","20","-6","-23.076923076923073"
"88115","Dora","NM","33.93176636608327","-103.3446697448474","0.006","20","20","N/A"
"73099","Yukon","OK","35.52584838985414","-97.7634369630926","0.006","20","20","N/A"
"46041","Frankfort","IN","40.29697280114053","-86.49216195984037","0.005","19","19","N/A"
"81625","Craig","CO","40.70292564650653","-107.74652754887984","0.005","19","19","N/A"
"75949","Huntington","TX","31.229065440328934","-94.51781499801562","0.005","19","8","72.72727272727273"
"33565","Plant City","FL","28.08859525593951","-82.1559636766882","0.005","19","19","N/A"
"88230","Dexter","NM","33.21396765349445","-104.3977624585","0.005","19","-77","-80.20833333333334"
"76137","Fort Worth","TX","32.858649752938454","-97.29134749511763","0.005","19","19","N/A"
"41042","Florence","KY","38.9859294825475","-84.64900403077588","0.005","19","19","N/A"
"76302","Wichita Falls","TX","33.86611264165085","-98.48483857926418","0.005","19","19","N/A"
"79372","Sundown","TX","33.42479032307659","-102.5011144324789","0.005","19","-4","-17.391304347826086"
"67864","Meade","KS","37.17180807193227","-100.31806849865644","0.005","19","19","N/A"
"63376","Saint Peters","MO","38.80022417596802","-90.61636286421346","0.005","19","19","N/A"
"79032","Edmonson","TX","34.287801389481665","-101.89492540076286","0.005","19","19","N/A"
"73132","Oklahoma City","OK","35.549872634152095","-97.64067639333771","0.005","19","19","N/A"
"79227","Crowell","TX","33.877012792703226","-99.7488962095953","0.005","19","19","N/A"
"44641","Louisville","OH","40.86527253306492","-81.23976295546011","0.005","19","19","N/A"
"84780","Washington","UT","37.127873324252114","-113.48106162578078","0.005","18","18","N/A"
"79380","Whitharral","TX","33.73915446159859","-102.32782306725964","0.005","18","18","N/A"
"77345","Kingwood","TX","30.053911413028832","-95.15882762647213","0.005","18","18","N/A"
"73008","Bethany","OK","35.513860725491675","-97.64538268741244","0.005","18","-5","-21.739130434782606"
"83440","Rexburg","ID","43.81091295034396","-111.80774392404388","0.005","18","-1","-5.263157894736848"
"82636","Evansville","WY","42.83473518021606","-106.14285904237498","0.005","18","18","N/A"
"50548","Humboldt","IA","42.71276604262632","-94.22643822071866","0.005","18","18","N/A"
"79201","Childress","TX","34.41011152046548","-100.33517835708665","0.005","18","18","N/A"
"32724","Deland","FL","29.05061153940055","-81.23282590593595","0.005","18","18","N/A"
"73939","Goodwell","OK","36.76821312203751","-101.78343420994638","0.005","18","18","N/A"
"77365","Porter","TX","30.116374506766938","-95.27466989880163","0.005","18","18","N/A"
"61548","Metamora","IL","40.80888094632005","-89.41307996174115","0.005","18","18","N/A"
"45304","Arcanum","OH","39.98754869774374","-84.53147054938216","0.005","18","18","N/A"
"76901","San Angelo","TX","31.523516311365913","-100.63997799596235","0.005","18","-4","-18.181818181818176"
"64468","Maryville","MO","40.34240500487652","-94.88110953605445","0.005","18","18","N/A"
"85553","Tonto Basin","AZ","33.799321776138314","-111.22435513459678","0.005","18","18","N/A"
"67869","Plains","KS","37.244936056941945","-100.57359548144224","0.005","18","18","N/A"
"76861","Miles","TX","31.59213424651497","-100.1963635526089","0.005","18","-6","-25"
"79364","Slaton","TX","33.44679833680186","-101.63552246423778","0.005","17","-47","-73.4375"
"64429","Cameron","MO","39.73897610540474","-94.22850987137657","0.005","17","17","N/A"
"79085","Summerfield","TX","34.73989877753192","-102.50916699132522","0.005","17","8","88.88888888888889"
"80634","Greeley","CO","40.40077124117462","-104.7921901775138","0.005","17","-9","-34.61538461538461"
"76065","Midlothian","TX","32.47040991737145","-96.98862336842053","0.005","17","17","N/A"
"78860","El Indio","TX","28.38168661138495","-100.22962330949335","0.005","17","17","N/A"
"75428","Commerce","TX","33.27131830211407","-95.91800156223736","0.005","17","17","N/A"
"67217","Wichita","KS","37.61533724070851","-97.36240694740235","0.005","17","-11","-39.28571428571429"
"78643","Llano","TX","30.681613176374757","-98.71280744876157","0.005","17","17","N/A"
"61065","Poplar Grove","IL","42.407759922819075","-88.82745758991443","0.005","17","17","N/A"
"78705","Austin","TX","30.294713731243196","-97.73897838367397","0.005","17","17","N/A"
"67837","Copeland","KS","37.55614816874203","-100.66290411418086","0.005","17","17","N/A"
"76705","Waco","TX","31.624461735728175","-97.08813842800755","0.005","17","17","N/A"
"78363","Kingsville","TX","27.438287578246875","-97.85513175898832","0.005","17","-92","-84.40366972477065"
"74955","Sallisaw","OK","35.50212975215825","-94.75546720701023","0.005","17","17","N/A"
"80644","Kersey","CO","40.337062991667906","-104.43872802225212","0.005","17","17","N/A"
"46048","Ingalls","IN","39.95425553212725","-85.8074618956392","0.005","17","17","N/A"
"75904","Lufkin","TX","31.338706084503613","-94.8346708712958","0.005","17","17","N/A"
"68521","Lincoln","NE","40.861796766734514","-96.71514411354981","0.005","17","17","N/A"
"58601","Dickinson","ND","46.9096487593188","-102.82765267978601","0.005","17","17","N/A"
"79556","Sweetwater","TX","32.48450532568103","-100.39262284897632","0.005","17","-39","-69.64285714285714"
"78738","Austin","TX","30.306695489799953","-97.98998426634537","0.005","17","17","N/A"
"74134","Tulsa","OK","36.110584244232946","-95.80155733383934","0.005","17","17","N/A"
"78596","Weslaco","TX","26.106686161621447","-97.99859798140491","0.005","16","16","N/A"
"67601","Hays","KS","38.87298433175507","-99.34033435776499","0.005","16","16","N/A"
"74012","Broken Arrow","OK","36.05382801417752","-95.80510267762732","0.005","16","-24","-60"
"68528","Lincoln","NE","40.822438531325616","-96.81768437049745","0.005","16","-5","-23.809523809523814"
"73009","Binger","OK","35.285391192030836","-98.37017694380334","0.005","16","16","N/A"
"76367","Iowa Park","TX","33.97359580805755","-98.71682649601331","0.005","16","16","N/A"
"76135","Fort Worth","TX","32.83709279070715","-97.46622257828076","0.005","16","16","N/A"
"79345","Meadow","TX","33.336105175351705","-102.32786053048791","0.005","16","-2","-11.111111111111116"
"38305","Jackson","TN","35.70109955554157","-88.76777969421283","0.005","16","16","N/A"
"78543","Elsa","TX","26.301156745769433","-98.00507376631586","0.005","16","16","N/A"
"80924","Colorado Springs","CO","38.96729573238213","-104.72198482157123","0.005","16","16","N/A"
"32404","Panama City","FL","30.190772391045183","-85.51122306235402","0.005","16","16","N/A"
"51053","Schaller","IA","42.49380690359995","-95.28842451791007","0.005","16","16","N/A"
"75935","Center","TX","31.730000690713506","-94.20077092136064","0.005","16","16","N/A"
"78257","San Antonio","TX","29.643709773840378","-98.57714147451959","0.005","16","16","N/A"
"80109","Castle Rock","CO","39.36472421672202","-104.90057528865998","0.004","16","-2","-11.111111111111116"
"31635","Lakeland","GA","31.103024336846627","-83.04317075879143","0.004","16","16","N/A"
"74301","Vinita","OK","36.68157653243151","-95.23687226558224","0.004","16","16","N/A"
"69140","Grant","NE","40.84126497050615","-101.77241836551035","0.004","16","16","N/A"
"76126","Fort Worth","TX","32.64370985013872","-97.51767026421464","0.004","16","16","N/A"
"73703","Enid","OK","36.44025344055955","-97.96341217134545","0.004","16","16","N/A"
"75455","Mount Pleasant","TX","33.21727697763011","-94.98023369320188","0.004","16","-4","-19.999999999999996"
"74023","Cushing","OK","35.95707615645231","-96.74964381077136","0.004","16","-175","-91.62303664921467"
"80831","Peyton","CO","38.9887402468122","-104.51166499504625","0.004","16","-2","-11.111111111111116"
"67877","Sublette","KS","37.54888501529109","-100.84343447956984","0.004","16","-35","-68.62745098039215"
"73931","Balko","OK","36.60103111445548","-100.80322822734553","0.004","16","16","N/A"
"47513","Birdseye","IN","38.30406210422888","-86.69947664338041","0.004","16","16","N/A"
"74727","Boswell","OK","34.019016521916505","-95.86018384802097","0.004","16","16","N/A"
"37803","Maryville","TN","35.67115494391383","-83.97759472510594","0.004","16","16","N/A"
"74337","Chouteau","OK","36.141214916519175","-95.33504105101613","0.004","16","16","N/A"
"77807","Bryan","TX","30.678291978240956","-96.47980432727586","0.004","15","15","N/A"
"49457","Twin Lake","MI","43.351054100853915","-86.1445599579436","0.004","15","15","N/A"
"76244","Keller","TX","32.930993747775176","-97.280766007021","0.004","15","-552","-97.35449735449735"
"72576","Salem","AR","36.35006629221582","-91.85081527969461","0.004","15","15","N/A"
"74403","Muskogee","OK","35.67427820681713","-95.30499781561586","0.004","15","-7","-31.818181818181824"
"78114","Floresville","TX","29.121242242413853","-98.19707697639733","0.004","15","15","N/A"
"74363","Quapaw","OK","36.95337894810468","-94.70961177763745","0.004","15","15","N/A"
"68421","Peru","NE","40.491970126662046","-95.74423118300196","0.004","15","15","N/A"
"79373","Tahoka","TX","33.159056785289295","-101.83629385901106","0.004","15","15","N/A"
"65802","Springfield","MO","37.210489258038635","-93.35168329054105","0.004","15","-5","-25"
"51358","Ruthven","IA","43.13036159302145","-94.89579043777837","0.004","15","-2","-11.764705882352944"
"73170","Oklahoma City","OK","35.327426791059075","-97.55068511417484","0.004","15","-2","-11.764705882352944"
"74016","Chelsea","OK","36.54094453000114","-95.45288584601418","0.004","15","15","N/A"
"67879","Tribune","KS","38.47090333355539","-101.79453119955708","0.004","15","15","N/A"
"74554","Krebs","OK","34.925504840432296","-95.7202575890926","0.004","15","15","N/A"
"79410","Lubbock","TX","33.569633419281764","-101.89119969211413","0.004","15","-165","-91.66666666666666"
"78503","McAllen","TX","26.16229062052549","-98.25130968420508","0.004","15","-5","-25"
"73601","Clinton","OK","35.498594549189214","-98.9469556817294","0.004","15","-5","-25"
"76210","Denton","TX","33.149933572523345","-97.09624640350404","0.004","14","-4","-22.22222222222222"
"76310","Wichita Falls","TX","33.81115368362105","-98.51171172626579","0.004","14","-89","-86.40776699029126"
"73002","Alex","OK","34.96402094484799","-97.73239998912376","0.004","14","14","N/A"
"40701","Corbin","KY","36.917582432150546","-84.16653265943307","0.004","14","14","N/A"
"75072","McKinney","TX","33.187484402148385","-96.70095577422117","0.004","14","14","N/A"
"85338","Goodyear","AZ","33.37253970650787","-112.40824917069578","0.004","14","14","N/A"
"73742","Hennessey","OK","36.09630957980757","-97.91906473640472","0.004","14","14","N/A"
"32526","Pensacola","FL","30.498109659182326","-87.36519504257282","0.004","14","14","N/A"
"77469","Richmond","TX","29.492308581986872","-95.70570169449162","0.004","14","14","N/A"
"78574","Mission","TX","26.311183722618733","-98.37292153921045","0.004","14","14","N/A"
"71203","Monroe","LA","32.58402963623265","-92.01354417510049","0.004","14","14","N/A"
"63935","Briar","MO","36.67055662360329","-90.9205570197326","0.004","14","14","N/A"
"88267","Caprock","NM","33.309843096406226","-103.3932577173387","0.004","14","14","N/A"
"77583","Rosharon","TX","29.377641260617406","-95.45852739083251","0.004","14","14","N/A"
"80102","Bennett","CO","39.73240059008878","-104.43875294225256","0.004","14","14","N/A"
"75440","Emory","TX","32.87506608108786","-95.75261227488853","0.004","14","14","N/A"
"67871","Scott City","KS","38.49163294779916","-100.91143951961355","0.004","14","-40","-74.07407407407408"
"76528","Flat","TX","31.435893819372886","-97.78435411035387","0.004","14","-4","-22.22222222222222"
"79765","Odessa","TX","31.92204768662784","-102.29880403860324","0.004","14","-42","-75"
"30263","Newnan","GA","33.388516680898704","-84.85911500186447","0.004","13","13","N/A"
"30157","Dallas","GA","33.886397563364554","-84.87310415926021","0.004","13","13","N/A"
"73460","Tishomingo","OK","34.28790244501432","-96.66689746924538","0.004","13","13","N/A"
"76450","Graham","TX","33.05967587110156","-98.64152078991307","0.004","13","13","N/A"
"64742","Drexel","MO","38.500284694442485","-94.54333259111418","0.004","13","13","N/A"
"74571","Talihina","OK","34.71916000465187","-95.04947561817144","0.004","13","13","N/A"
"79770","Orla","TX","31.85391942161958","-103.90586810661665","0.004","13","-17","-56.666666666666664"
"74959","Spiro","OK","35.262883405938226","-94.63324599419329","0.004","13","13","N/A"
"72863","Scranton","AR","35.36643221161869","-93.50874601256018","0.004","13","13","N/A"
"77346","Humble","TX","29.99028237971668","-95.17777928073872","0.004","13","-4","-23.529411764705888"
"30512","Blairsville","GA","34.8566136360745","-83.97200407570338","0.004","13","13","N/A"
"78130","New Braunfels","TX","29.692261602007516","-98.06877228800981","0.004","13","-19","-59.375"
"36273","Ranburne","AL","33.539025123570504","-85.37742497506575","0.004","13","13","N/A"
"36360","Ozark","AL","31.466457322958025","-85.61640442959192","0.004","13","13","N/A"
"76028","Burleson","TX","32.52603116301547","-97.30492419015958","0.004","13","13","N/A"
"74932","Cameron","OK","35.14700297778877","-94.53500293432285","0.004","13","13","N/A"
"78057","Moore","TX","29.039234785350626","-99.02184574667423","0.004","13","13","N/A"
"65605","Aurora","MO","36.88403669282598","-93.69132459454774","0.004","13","13","N/A"
"74552","Kinta","OK","35.11280765268271","-95.24733146078562","0.004","13","13","N/A"
"81030","Cheraw","CO","38.103215507865","-103.51870785000867","0.004","13","13","N/A"
"77328","Cleveland","TX","30.40766949894388","-95.18889526571782","0.004","13","-15","-53.57142857142857"
"73018","Chickasha","OK","35.048406138163976","-97.9383906776075","0.003","12","-5","-29.411764705882348"
"75644","Gilmer","TX","32.79169485802751","-94.99496006410638","0.003","12","-2","-14.28571428571429"
"78626","Georgetown","TX","30.666623177800005","-97.59878177909904","0.003","12","12","N/A"
"74075","Stillwater","OK","36.171514796407685","-97.07740633072665","0.003","12","-3","-19.999999999999996"
"75791","Whitehouse","TX","32.222142193650406","-95.22102475382638","0.003","12","12","N/A"
"76629","Bremond","TX","31.15115927155951","-96.65497632914143","0.003","12","12","N/A"
"79502","Aspermont","TX","33.183033335869396","-100.26500372974202","0.003","12","12","N/A"
"77531","Clute","TX","29.038942681182565","-95.40068581416749","0.003","12","12","N/A"
"78056","Mico","TX","29.538945533667643","-98.94183774639907","0.003","12","12","N/A"
"74804","Shawnee","OK","35.3935824323603","-96.92398158925036","0.003","12","12","N/A"
"79369","Spade","TX","33.943202291876986","-102.15911201739947","0.003","12","12","N/A"
"75605","Longview","TX","32.58385720200499","-94.71554410827738","0.003","12","12","N/A"
"79705","Midland","TX","32.09615430603427","-102.05079344421124","0.003","12","-133","-91.72413793103449"
"73946","Kenton","OK","36.92314575112392","-102.81261781878774","0.003","12","12","N/A"
"65616","Branson","MO","36.67134024933758","-93.24885957626935","0.003","12","12","N/A"
"71354","Monterey","LA","31.383678979301003","-91.73549931497605","0.003","12","12","N/A"
"79024","Darrouzett","TX","36.438829275431004","-100.35180613328816","0.003","12","-6","-33.333333333333336"
"65707","Miller","MO","37.228598574549636","-93.84571239040156","0.003","12","12","N/A"
"76265","Saint Jo","TX","33.74069694705726","-97.53923944048506","0.003","12","12","N/A"
"73663","Seiling","OK","36.10620498801022","-98.90288126603296","0.003","12","12","N/A"
"79039","Groom","TX","35.25237665900039","-101.12207997603798","0.003","11","11","N/A"
"74570","Stuart","OK","34.86576337439263","-96.10432501684359","0.003","11","11","N/A"
"72022","Bryant","AR","34.60859037478817","-92.49650031822719","0.003","11","11","N/A"
"79788","Wickett","TX","31.605448530792593","-102.98260978093825","0.003","11","11","N/A"
"77532","Crosby","TX","29.931766260052665","-95.05601945010987","0.003","11","11","N/A"
"74454","Porter","OK","35.854637029528156","-95.51253491475244","0.003","11","11","N/A"
"30629","Comer","GA","34.077805328337824","-83.11625656175217","0.003","11","11","N/A"
"39556","Kiln","MS","30.444590435091307","-89.42747441535037","0.003","11","11","N/A"
"29483","Summerville","SC","33.031275694316165","-80.23206505191533","0.003","11","11","N/A"
"65722","Phillipsburg","MO","37.586949137260035","-92.79968014908398","0.003","11","11","N/A"
"72835","Delaware","AR","35.27639048562856","-93.3425404301159","0.003","11","11","N/A"
"76201","Denton","TX","33.22122275612814","-97.14714728111905","0.003","11","11","N/A"
"78605","Bertram","TX","30.773649297847708","-98.04665233057895","0.003","10","10","N/A"
"79379","Whiteface","TX","33.495082515364736","-102.65347572264908","0.003","10","-5","-33.333333333333336"
"76020","Azle","TX","32.90101606311096","-97.56484493644045","0.003","10","10","N/A"
"73068","Noble","OK","35.13839734310749","-97.28267658790449","0.003","10","-2","-16.666666666666664"
"76557","Moody","TX","31.290758972287524","-97.39811070676767","0.003","10","10","N/A"
"74701","Durant","OK","34.00972546984101","-96.37688665734649","0.003","10","10","N/A"
"73858","Shattuck","OK","36.17037993066066","-99.92442306930761","0.003","10","-5","-33.333333333333336"
"75962","Nacogdoches","TX","31.619839133897315","-94.64844487488769","0.003","10","10","N/A"
"79080","Skellytown","TX","35.70341146984958","-101.21115666456008","0.003","9","-3","-25"
"35576","Millport","AL","33.58199947651626","-88.13150806486279","0.003","9","9","N/A"
"88410","Amistad","NM","35.902607518448775","-103.30763073496333","0.003","9","9","N/A"
"77665","Winnie","TX","29.78695865183232","-94.4097192285497","0.003","9","9","N/A"
"76233","Collinsville","TX","33.54024600244481","-96.89691785362128","0.003","9","9","N/A"
"76087","Weatherford","TX","32.669950914958285","-97.7906466121707","0.003","9","9","N/A"
"72019","Benton","AR","34.634979874815","-92.69925541250808","0.003","9","9","N/A"
"73052","Lindsay","OK","34.83360017372627","-97.59526003596186","0.003","9","9","N/A"
"30458","Statesboro","GA","32.39730670778667","-81.82693989101665","0.002","9","9","N/A"
"76828","Burkett","TX","32.00726429422484","-99.28433070528301","0.002","9","9","N/A"
"79562","Tuscola","TX","32.241681436469","-99.8676675422992","0.002","8","-1","-11.111111111111116"
"76842","Fredonia","TX","30.918861044993587","-99.10232491372169","0.002","8","8","N/A"
"72753","Prairie Grove","AR","35.93474999253203","-94.32609179987145","0.002","8","8","N/A"
"76226","Argyle","TX","33.10774751915167","-97.17192819938496","0.002","8","8","N/A"
"73627","Carter","OK","35.2016822500789","-99.45217462609381","0.002","8","8","N/A"
"75453","Lone Oak","TX","33.0002408310299","-95.92816966419792","0.002","8","8","N/A"
"76247","Justin","TX","33.09649905002687","-97.3315345813447","0.002","8","-2","-19.999999999999996"
"78642","Liberty Hill","TX","30.69460465882943","-97.94087034596309","0.002","7","7","N/A"
"78252","San Antonio","TX","29.341649957231773","-98.69682284847046","0.002","7","7","N/A"
"34771","Saint Cloud","FL","28.26648799161912","-81.11906661983409","0.002","7","7","N/A"
"87743","Roy","NM","35.96733996338868","-104.01150376795344","0.002","6","6","N/A"
"79758","Gardendale","TX","32.01123859713162","-102.33576382334982","0.002","5","-3","-37.5"
"58854","Watford City","ND","47.81410978115084","-103.15225425919284","0.002","5","5","N/A"
"75407","Princeton","TX","33.15120711717228","-96.48808229492278","0.001","5","5","N/A"
"75074","Plano","TX","33.03297509641816","-96.6730503395541","N/A","N/A","-630","-100"
"85349","San Luis","AZ","32.47997635576388","-114.69642413814036","N/A","N/A","-548","-100"
"47714","Evansville","IN","37.95767329508947","-87.52103132726138","N/A","N/A","-389","-100"
"87045","Prewitt","NM","35.40018502384636","-108.00182164661501","N/A","N/A","-344","-100"
"99163","Pullman","WA","46.727971094925344","-117.21660815301836","N/A","N/A","-319","-100"
"82435","Powell","WY","44.824083311308","-109.03477604599611","N/A","N/A","-296","-100"
"89029","Laughlin","NV","35.12566869816522","-114.68608437011869","N/A","N/A","-270","-100"
"75217","Dallas","TX","32.71291584369893","-96.68243852912966","N/A","N/A","-252","-100"
"77075","Houston","TX","29.621182746449204","-95.26750401673863","N/A","N/A","-224","-100"
"75149","Mesquite","TX","32.769948270074515","-96.61512330319673","N/A","N/A","-203","-100"
"75061","Irving","TX","32.826072214500975","-96.9656299558479","N/A","N/A","-177","-100"
"68901","Hastings","NE","40.590925037636595","-98.36598990007107","N/A","N/A","-163","-100"
"79935","El Paso","TX","31.76805619538421","-106.33027629106813","N/A","N/A","-157","-100"
"88352","Tularosa","NM","33.18742135765381","-106.00716660972749","N/A","N/A","-157","-100"
"88118","Floyd","NM","34.236277578636816","-103.66452110864999","N/A","N/A","-155","-100"
"88401","Tucumcari","NM","35.08985229977811","-103.8094147022174","N/A","N/A","-150","-100"
"60120","Elgin","IL","42.0331538357955","-88.23740589449679","N/A","N/A","-145","-100"
"78041","Laredo","TX","27.554911900489227","-99.46887976483619","N/A","N/A","-140","-100"
"13905","Binghamton","NY","42.18086965568693","-75.94476074547734","N/A","N/A","-129","-100"
"87508","Santa Fe","NM","35.52061259373659","-105.94588472116055","N/A","N/A","-128","-100"
"93035","Oxnard","CA","34.18953039878907","-119.23009458883311","N/A","N/A","-123","-100"
"87747","Springer","NM","36.35860554931658","-104.44474211340277","N/A","N/A","-123","-100"
"81058","Manzanola","CO","38.10725379544507","-103.8816039682868","N/A","N/A","-122","-100"
"87111","Albuquerque","NM","35.13824971868114","-106.515913590274","N/A","N/A","-118","-100"
"87110","Albuquerque","NM","35.10812602280481","-106.57816742227834","N/A","N/A","-98","-100"
"78154","Schertz","TX","29.547739474697245","-98.26575570057229","N/A","N/A","-95","-100"
"80906","Colorado Springs","CO","38.767419894404846","-104.87020502361706","N/A","N/A","-89","-100"
"67853","Ingalls","KS","37.884147400561645","-100.51616906633294","N/A","N/A","-86","-100"
"55306","Burnsville","MN","44.73071270910394","-93.29194760860041","N/A","N/A","-82","-100"
"76872","Rochelle","TX","31.33574572340249","-99.16024464042904","N/A","N/A","-77","-100"
"84118","Salt Lake City","UT","40.65600142551645","-112.0381356664789","N/A","N/A","-77","-100"
"76354","Burkburnett","TX","34.095257689716625","-98.62281957578456","N/A","N/A","-77","-100"
"88314","Bent","NM","33.10060354892121","-105.8672694495637","N/A","N/A","-77","-100"
"80631","Greeley","CO","40.442158409707474","-104.67806934065803","N/A","N/A","-77","-100"
"91601","North Hollywood","CA","34.16827129742988","-118.37225582137286","N/A","N/A","-76","-100"
"80211","Denver","CO","39.76720494498928","-105.02007082361725","N/A","N/A","-76","-100"
"68822","Broken Bow","NE","41.389005039745165","-99.62768141212322","N/A","N/A","-75","-100"
"79411","Lubbock","TX","33.57011529095708","-101.85773223723264","N/A","N/A","-75","-100"
"84003","American Fork","UT","40.466292891542615","-111.69336105534697","N/A","N/A","-75","-100"
"81230","Gunnison","CO","38.40748859599378","-106.98371193076352","N/A","N/A","-73","-100"
"63043","Maryland Heights","MO","38.72961983088679","-90.45657958158424","N/A","N/A","-73","-100"
"80031","Westminster","CO","39.875225761157964","-105.04038719668029","N/A","N/A","-72","-100"
"79357","Ralls","TX","33.646584479773104","-101.40575016907022","N/A","N/A","-72","-100"
"88011","Las Cruces","NM","32.39531090309363","-106.58520980682268","N/A","N/A","-72","-100"
"78655","Martindale","TX","29.823490394765418","-97.83517240967149","N/A","N/A","-71","-100"
"73933","Boise City","OK","36.74364716985038","-102.58198017823699","N/A","N/A","-69","-100"
"56087","Springfield","MN","44.24012587210521","-94.97536976284078","N/A","N/A","-69","-100"
"78852","Eagle Pass","TX","28.82695691231708","-100.31547945433508","N/A","N/A","-68","-100"
"76018","Arlington","TX","32.6607382277949","-97.08967495050277","N/A","N/A","-68","-100"
"59523","Chinook","MT","48.52018616453785","-109.20827865148541","N/A","N/A","-68","-100"
"60426","Harvey","IL","41.61025252954864","-87.65303947093592","N/A","N/A","-66","-100"
"76301","Wichita Falls","TX","33.90507113983596","-98.48043337800149","N/A","N/A","-64","-100"
"80524","Fort Collins","CO","40.64813877908391","-105.02156006819621","N/A","N/A","-62","-100"
"63111","Saint Louis","MO","38.55841645217686","-90.24996245924561","N/A","N/A","-62","-100"
"80202","Denver","CO","39.751526682325434","-104.99767409129927","N/A","N/A","-61","-100"
"74354","Miami","OK","36.88958877331645","-94.88095117585627","N/A","N/A","-61","-100"
"46745","Hoagland","IN","40.95193711299139","-85.0088287140636","N/A","N/A","-60","-100"
"78023","Helotes","TX","29.615501014462772","-98.7544313914673","N/A","N/A","-60","-100"
"77047","Houston","TX","29.60841510718812","-95.3866382361387","N/A","N/A","-60","-100"
"78155","Geronimo","TX","29.533060415285348","-97.93831114623048","N/A","N/A","-59","-100"
"79040","Gruver","TX","36.301138309613414","-101.57840758364915","N/A","N/A","-59","-100"
"76389","Windthorst","TX","33.49714820795287","-98.47567613206462","N/A","N/A","-59","-100"
"86040","Page","AZ","36.662956187986545","-111.3852167235325","N/A","N/A","-58","-100"
"80543","Milliken","CO","40.346454824714485","-104.85318330894279","N/A","N/A","-58","-100"
"59301","Miles City","MT","46.360233868140426","-105.85053241414431","N/A","N/A","-57","-100"
"78219","San Antonio","TX","29.441369249258294","-98.38459400709269","N/A","N/A","-57","-100"
"81062","Olney Springs","CO","38.29376286197407","-103.95029846523201","N/A","N/A","-56","-100"
"67950","Elkhart","KS","37.06275123948489","-101.86768967144793","N/A","N/A","-56","-100"
"74081","Terlton","OK","36.17533362147369","-96.4587379056459","N/A","N/A","-55","-100"
"87801","Socorro","NM","34.04823203497954","-106.96664274937754","N/A","N/A","-55","-100"
"58421","Carrington","ND","47.43974361576193","-99.06970557333702","N/A","N/A","-54","-100"
"92404","San Bernardino","CA","34.17863476769307","-117.23891846807243","N/A","N/A","-54","-100"
"78254","San Antonio","TX","29.530092128536698","-98.72803040671424","N/A","N/A","-54","-100"
"73071","Norman","OK","35.237303899089866","-97.41311418044825","N/A","N/A","-54","-100"
"92410","San Bernardino","CA","34.10655223058492","-117.29576888917619","N/A","N/A","-54","-100"
"78251","San Antonio","TX","29.46290699280795","-98.67765302069013","N/A","N/A","-52","-100"
"98816","Chelan","WA","48.02290741082399","-120.34361489104757","N/A","N/A","-52","-100"
"74361","Pryor","OK","36.3091261731559","-95.30732128813307","N/A","N/A","-51","-100"
"74447","Okmulgee","OK","35.64973684376329","-96.00629808864731","N/A","N/A","-51","-100"
"29405","North Charleston","SC","32.85209261356214","-79.97904777030959","N/A","N/A","-50","-100"
"71747","Huttig","AR","33.058984950325716","-92.2223193005572","N/A","N/A","-50","-100"
"75208","Dallas","TX","32.75407274547653","-96.83945712323072","N/A","N/A","-49","-100"
"63138","Saint Louis","MO","38.79907471439107","-90.1822359765375","N/A","N/A","-49","-100"
"44505","Youngstown","OH","41.12737379932114","-80.61688901157449","N/A","N/A","-48","-100"
"76039","Euless","TX","32.8592198420784","-97.08422606468147","N/A","N/A","-48","-100"
"80433","Conifer","CO","39.496325716910555","-105.29585260672035","N/A","N/A","-48","-100"
"65109","Jefferson City","MO","38.573645821989665","-92.2778959852737","N/A","N/A","-48","-100"
"55425","Minneapolis","MN","44.84252724388206","-93.23599274846906","N/A","N/A","-48","-100"
"52208","Belle Plaine","IA","41.88570207055981","-92.26473257607223","N/A","N/A","-48","-100"
"79821","Anthony","TX","31.976733375685157","-106.59820515621934","N/A","N/A","-48","-100"
"88232","Hagerman","NM","33.063979443620404","-104.15686614438897","N/A","N/A","-47","-100"
"89815","Spring Creek","NV","40.56653259005309","-115.59504288169252","N/A","N/A","-46","-100"
"76082","Springtown","TX","32.970960607084656","-97.71779688021093","N/A","N/A","-46","-100"
"65764","Tunas","MO","37.821876431559154","-92.95686040453342","N/A","N/A","-45","-100"
"74112","Tulsa","OK","36.1469797362416","-95.90425507881348","N/A","N/A","-44","-100"
"81413","Cedaredge","CO","38.97171911243761","-107.90845742608012","N/A","N/A","-44","-100"
"81047","Holly","CO","38.03226367492187","-102.19209971078499","N/A","N/A","-44","-100"
"75662","Kilgore","TX","32.3807687817127","-94.87504328086953","N/A","N/A","-44","-100"
"80226","Denver","CO","39.7108157669733","-105.09155505604014","N/A","N/A","-44","-100"
"79079","Samnorwood","TX","35.20720346647913","-100.24883554836637","N/A","N/A","-44","-100"
"61008","Belvidere","IL","42.245772003274766","-88.83947898117178","N/A","N/A","-44","-100"
"62864","Mount Vernon","IL","38.33038912119939","-88.90271676979185","N/A","N/A","-44","-100"
"38343","Humboldt","TN","35.82727960012128","-88.9281766176924","N/A","N/A","-43","-100"
"55122","Saint Paul","MN","44.80323417513054","-93.1961748895632","N/A","N/A","-43","-100"
"82649","Shoshoni","WY","43.27224486728125","-108.04161892838657","N/A","N/A","-43","-100"
"93257","Porterville","CA","35.98706856690055","-118.89494842277928","N/A","N/A","-43","-100"
"60632","Chicago","IL","41.81143549193573","-87.71346090807536","N/A","N/A","-43","-100"
"43085","Columbus","OH","40.09958987615362","-83.01639020474225","N/A","N/A","-42","-100"
"75051","Grand Prairie","TX","32.726339898003864","-96.99382651530767","N/A","N/A","-41","-100"
"78641","Leander","TX","30.55847703280042","-97.91473817939291","N/A","N/A","-41","-100"
"76430","Albany","TX","32.80303398034388","-99.23519584807106","N/A","N/A","-41","-100"
"78244","San Antonio","TX","29.47703232017479","-98.35079820930073","N/A","N/A","-40","-100"
"06340","Groton","CT","41.35495895817339","-72.04296679627578","N/A","N/A","-40","-100"
"13135","Phoenix","NY","43.258015864776844","-76.31673948849681","N/A","N/A","-40","-100"
"11228","Brooklyn","NY","40.616725407296826","-74.01343137333917","N/A","N/A","-40","-100"
"92394","Victorville","CA","34.562951495923265","-117.35418761233699","N/A","N/A","-40","-100"
"79359","Seagraves","TX","32.9287174721243","-102.54719506550211","N/A","N/A","-39","-100"
"76205","Denton","TX","33.19070835398608","-97.1289288542349","N/A","N/A","-39","-100"
"84037","Kaysville","UT","40.992798952611295","-111.91443328090408","N/A","N/A","-39","-100"
"76373","Oklaunion","TX","34.15538214185852","-99.11972836444927","N/A","N/A","-39","-100"
"74114","Tulsa","OK","36.12697105507262","-95.9466074677395","N/A","N/A","-39","-100"
"78665","Round Rock","TX","30.55038062699824","-97.63680745053775","N/A","N/A","-39","-100"
"66062","Olathe","KS","38.83675625907606","-94.78454165056176","N/A","N/A","-39","-100"
"68701","Norfolk","NE","42.020243682257394","-97.44100341175097","N/A","N/A","-39","-100"
"79731","Crane","TX","31.447671772053514","-102.56094714069076","N/A","N/A","-38","-100"
"72023","Cabot","AR","34.95907241703053","-92.05925440781976","N/A","N/A","-38","-100"
"53221","Milwaukee","WI","42.954455228848644","-87.94369510439068","N/A","N/A","-38","-100"
"78227","San Antonio","TX","29.396513775163985","-98.64023329336356","N/A","N/A","-38","-100"
"14051","East Amherst","NY","43.04171145076208","-78.69926628323263","N/A","N/A","-38","-100"
"79922","El Paso","TX","31.811210191776095","-106.55827919896322","N/A","N/A","-37","-100"
"55812","Duluth","MN","46.80906585167554","-92.0725047705351","N/A","N/A","-37","-100"
"59101","Billings","MT","45.63010492224576","-108.36446873248839","N/A","N/A","-36","-100"
"73105","Oklahoma City","OK","35.519257730808924","-97.50329798084218","N/A","N/A","-36","-100"
"59405","Malmstrom AFB","MT","47.2810666801853","-111.25932669244389","N/A","N/A","-36","-100"
"34113","Naples","FL","26.055831514214834","-81.73539314151473","N/A","N/A","-36","-100"
"69138","Gothenburg","NE","40.9992476324046","-100.17682921092006","N/A","N/A","-36","-100"
"73109","Oklahoma City","OK","35.43279928878215","-97.52451730060751","N/A","N/A","-36","-100"
"93451","San Miguel","CA","35.89397414466544","-120.56734033347594","N/A","N/A","-36","-100"
"78573","Mission","TX","26.297460046733008","-98.30241150265462","N/A","N/A","-36","-100"
"75212","Dallas","TX","32.78203757361869","-96.87846739952035","N/A","N/A","-36","-100"
"81639","Hayden","CO","40.526399362028","-107.24453260399731","N/A","N/A","-35","-100"
"84653","Salem","UT","40.04799496319348","-111.66802371158741","N/A","N/A","-35","-100"
"67951","Hugoton","KS","37.163876359502325","-101.33481828190465","N/A","N/A","-35","-100"
"81004","Pueblo","CO","38.05113841294243","-104.71596868546187","N/A","N/A","-35","-100"
"06374","Plainfield","CT","41.679832638324946","-71.91442714293751","N/A","N/A","-35","-100"
"81039","Fowler","CO","37.940796201101364","-104.08613137818858","N/A","N/A","-35","-100"
"64865","Seneca","MO","36.842470825296836","-94.57794919329832","N/A","N/A","-35","-100"
"65281","Salisbury","MO","39.46428802161742","-92.7909800475455","N/A","N/A","-34","-100"
"78827","Asherton","TX","28.428670695519365","-99.72394002870672","N/A","N/A","-34","-100"
"82001","Cheyenne","WY","41.09499229941115","-104.93266756461261","N/A","N/A","-34","-100"
"85615","Hereford","AZ","31.39693511847676","-110.21097458311345","N/A","N/A","-34","-100"
"39096","Lorman","MS","31.825094309845355","-91.11669306658673","N/A","N/A","-34","-100"
"60477","Tinley Park","IL","41.573455688532604","-87.78597897773003","N/A","N/A","-34","-100"
"76936","Eldorado","TX","30.88809028754444","-100.64721257331465","N/A","N/A","-34","-100"
"50322","Urbandale","IA","41.633863643518346","-93.73590112122719","N/A","N/A","-34","-100"
"60062","Northbrook","IL","42.12662154844454","-87.84234828991448","N/A","N/A","-33","-100"
"63021","Ballwin","MO","38.56892773368204","-90.5456751433801","N/A","N/A","-33","-100"
"54230","Reedsville","WI","44.15746805836303","-87.91203621156325","N/A","N/A","-33","-100"
"76021","Bedford","TX","32.852305194265945","-97.13126021550703","N/A","N/A","-32","-100"
"72205","Little Rock","AR","34.74950827244182","-92.35234815018272","N/A","N/A","-32","-100"
"80824","Kirk","CO","39.66301677490748","-102.4994458869491","N/A","N/A","-32","-100"
"54758","Osseo","WI","44.54545061423553","-91.2172897833654","N/A","N/A","-31","-100"
"66773","Scammon","KS","37.265986478817624","-94.81262491591899","N/A","N/A","-31","-100"
"74637","Fairfax","OK","36.59085026533869","-96.68172384025151","N/A","N/A","-31","-100"
"78233","San Antonio","TX","29.554829156837318","-98.36326777669836","N/A","N/A","-31","-100"
"98685","Vancouver","WA","45.71597202956063","-122.69106125157582","N/A","N/A","-30","-100"
"79061","Mobeetie","TX","35.51989861105413","-100.45708106282994","N/A","N/A","-30","-100"
"08031","Bellmawr","NJ","39.866555420723685","-75.09411224182575","N/A","N/A","-30","-100"
"77510","Santa Fe","TX","29.34785622983742","-95.09089530831864","N/A","N/A","-30","-100"
"48750","Oscoda","MI","44.442788229684176","-83.45252021614702","N/A","N/A","-29","-100"
"77504","Pasadena","TX","29.647692750412954","-95.19007661275161","N/A","N/A","-29","-100"
"88047","Mesilla Park","NM","32.2144170700344","-106.71553693498639","N/A","N/A","-29","-100"
"66619","Topeka","KS","38.946583735182784","-95.68983634780575","N/A","N/A","-29","-100"
"65706","Marshfield","MO","37.32242377597864","-92.89424821172076","N/A","N/A","-28","-100"
"76661","Marlin","TX","31.3078537927621","-96.84583561892408","N/A","N/A","-28","-100"
"73064","Mustang","OK","35.373769339545454","-97.75275149396208","N/A","N/A","-28","-100"
"65747","Shell Knob","MO","36.60256964644471","-93.57974142566167","N/A","N/A","-28","-100"
"68801","Grand Island","NE","40.949475726355274","-98.29296546655021","N/A","N/A","-28","-100"
"60047","Lake Zurich","IL","42.20203923213075","-88.04524483444425","N/A","N/A","-27","-100"
"60013","Cary","IL","42.220218994574005","-88.23573886818048","N/A","N/A","-27","-100"
"78260","San Antonio","TX","29.697385118169485","-98.4921213823049","N/A","N/A","-27","-100"
"76140","Fort Worth","TX","32.62011930119482","-97.27035963136044","N/A","N/A","-27","-100"
"72131","Quitman","AR","35.40793177740084","-92.19362377625902","N/A","N/A","-27","-100"
"97753","Powell Butte","OR","44.22627240245358","-120.99995242360123","N/A","N/A","-26","-100"
"75110","Corsicana","TX","32.08071920882047","-96.52344318033938","N/A","N/A","-26","-100"
"67401","Salina","KS","38.835543245713424","-97.64620236680906","N/A","N/A","-26","-100"
"78223","San Antonio","TX","29.31100388191112","-98.38676402606987","N/A","N/A","-26","-100"
"80923","Colorado Springs","CO","38.92673387620039","-104.71434151951772","N/A","N/A","-26","-100"
"88317","Cloudcroft","NM","32.860788125924266","-105.67449018649123","N/A","N/A","-26","-100"
"67428","Canton","KS","38.38320049456339","-97.41405781647241","N/A","N/A","-26","-100"
"75402","Greenville","TX","33.06723985827661","-96.08577766161095","N/A","N/A","-26","-100"
"76849","Junction","TX","30.4584951012293","-99.83802336927786","N/A","N/A","-26","-100"
"47712","Evansville","IN","37.92870364016801","-87.65951084347374","N/A","N/A","-26","-100"
"67530","Great Bend","KS","38.35146066106293","-98.79679511233806","N/A","N/A","-25","-100"
"79529","Knox City","TX","33.42911922428711","-99.82918802128775","N/A","N/A","-25","-100"
"74366","Spavinaw","OK","36.37888558375211","-95.04449891999303","N/A","N/A","-25","-100"
"76548","Harker Heights","TX","31.052954927554897","-97.64610937270297","N/A","N/A","-25","-100"
"84334","Riverside","UT","41.789590321665436","-112.1518796811885","N/A","N/A","-25","-100"
"76017","Arlington","TX","32.662254195151846","-97.16239628672128","N/A","N/A","-25","-100"
"28540","Jacksonville","NC","34.74360829260948","-77.49834738005008","N/A","N/A","-25","-100"
"82083","Rock River","WY","41.72288464111895","-105.99118088106434","N/A","N/A","-25","-100"
"28546","Jacksonville","NC","34.834587515252295","-77.38815008914247","N/A","N/A","-25","-100"
"85339","Laveen","AZ","33.23986539843544","-112.14325341279674","N/A","N/A","-25","-100"
"68735","Ewing","NE","42.14914410798796","-98.45399672863753","N/A","N/A","-25","-100"
"81050","La Junta","CO","37.92266750556538","-103.51536310961318","N/A","N/A","-25","-100"
"65725","Pleasant Hope","MO","37.429879883177705","-93.27423822326844","N/A","N/A","-25","-100"
"76016","Arlington","TX","32.689056495962895","-97.18874441281116","N/A","N/A","-24","-100"
"75033","Frisco","TX","33.18470503212348","-96.84401903004017","N/A","N/A","-24","-100"
"97053","Warren","OR","45.826948541628","-122.88404789881555","N/A","N/A","-24","-100"
"27284","Kernersville","NC","36.1181536762407","-80.07795204472546","N/A","N/A","-24","-100"
"78521","Brownsville","TX","25.95211094139656","-97.318867145778","N/A","N/A","-24","-100"
"78676","Wimberley","TX","30.041407505073042","-98.15052739904871","N/A","N/A","-24","-100"
"87714","Cimarron","NM","36.446308933578386","-104.9907953164915","N/A","N/A","-24","-100"
"55016","Cottage Grove","MN","44.81720907634696","-92.93372239254495","N/A","N/A","-24","-100"
"61342","Mendota","IL","41.54086029839025","-89.09380136227774","N/A","N/A","-24","-100"
"62246","Greenville","IL","38.88833821710661","-89.42534543098962","N/A","N/A","-24","-100"
"68467","York","NE","40.86527698277456","-97.59778360999627","N/A","N/A","-24","-100"
"73129","Oklahoma City","OK","35.431648923956324","-97.48432192911969","N/A","N/A","-24","-100"
"78028","Kerrville","TX","30.041165853474364","-99.16276451809489","N/A","N/A","-24","-100"
"61920","Charleston","IL","39.50413445693892","-88.16446950573804","N/A","N/A","-24","-100"
"74401","Muskogee","OK","35.723043937670845","-95.45430082963712","N/A","N/A","-23","-100"
"79010","Boys Ranch","TX","35.452838853368355","-102.12016119877373","N/A","N/A","-23","-100"
"75785","Maydelle","TX","31.766397546583846","-95.17446696605762","N/A","N/A","-23","-100"
"65401","Rolla","MO","37.90688738928324","-91.76373402756599","N/A","N/A","-23","-100"
"78672","Tow","TX","30.881494533253136","-98.49128913906765","N/A","N/A","-23","-100"
"73848","Laverne","OK","36.648474063968536","-100.02296049036686","N/A","N/A","-23","-100"
"73662","Sayre","OK","35.31533543539992","-99.662726827172","N/A","N/A","-23","-100"
"63501","Kirksville","MO","40.16744784908228","-92.5907983074095","N/A","N/A","-23","-100"
"85641","Vail","AZ","32.021243428707024","-110.64617104596688","N/A","N/A","-23","-100"
"75901","Lufkin","TX","31.302629965239127","-94.65480420117767","N/A","N/A","-23","-100"
"78043","Laredo","TX","27.54035438188402","-99.27449312776582","N/A","N/A","-23","-100"
"65584","Saint Robert","MO","37.82899748939554","-92.13083554855423","N/A","N/A","-23","-100"
"67460","McPherson","KS","38.3843121582263","-97.69720903526655","N/A","N/A","-23","-100"
"97355","Lebanon","OR","44.53150503102538","-122.81700320973832","N/A","N/A","-23","-100"
"78629","Hochheim","TX","29.477609442740278","-97.45093063198816","N/A","N/A","-23","-100"
"73051","Lexington","OK","35.03174251413857","-97.24627887315273","N/A","N/A","-23","-100"
"76579","Pendleton","TX","31.19892281713679","-97.26039767327312","N/A","N/A","-22","-100"
"79322","Crosbyton","TX","33.658872879795915","-101.19810829009778","N/A","N/A","-22","-100"
"67209","Wichita","KS","37.663917121922","-97.43461674658995","N/A","N/A","-22","-100"
"30028","Cumming","GA","34.28926573024404","-84.17984142667925","N/A","N/A","-22","-100"
"64850","Neosho","MO","36.860096739759896","-94.39751397335095","N/A","N/A","-22","-100"
"77049","Houston","TX","29.8341219115058","-95.14829638035829","N/A","N/A","-22","-100"
"40475","Richmond","KY","37.76349997918452","-84.3082952170139","N/A","N/A","-22","-100"
"88430","Nara Visa","NM","35.65343153581847","-103.21355688200816","N/A","N/A","-22","-100"
"30016","Covington","GA","33.518370943781754","-83.93073928874513","N/A","N/A","-22","-100"
"67526","Ellinwood","KS","38.297644107851234","-98.54712232043204","N/A","N/A","-22","-100"
"65708","Monett","MO","36.91048108916271","-93.9089805008668","N/A","N/A","-22","-100"
"78660","Pflugerville","TX","30.443618720544816","-97.59556727117658","N/A","N/A","-22","-100"
"72638","Green Forest","AR","36.32447445152056","-93.40494620791027","N/A","N/A","-21","-100"
"79707","Midland","TX","32.03303822857022","-102.21192178674173","N/A","N/A","-21","-100"
"79062","Morse","TX","35.99614732903003","-101.52735222769626","N/A","N/A","-21","-100"
"67752","Quinter","KS","38.99239968442434","-100.23144595446917","N/A","N/A","-21","-100"
"74633","Burbank","OK","36.70479760240773","-96.79217220567145","N/A","N/A","-21","-100"
"50129","Cooper","IA","42.01334199873665","-94.37638493891924","N/A","N/A","-21","-100"
"79378","Wellman","TX","33.0307125318778","-102.44486442377712","N/A","N/A","-21","-100"
"72210","Little Rock","AR","34.71505424021259","-92.5037686685929","N/A","N/A","-21","-100"
"37862","Sevierville","TN","35.78316084716387","-83.61231884107295","N/A","N/A","-21","-100"
"76471","Rising Star","TX","32.11113972957923","-98.98500322871068","N/A","N/A","-21","-100"
"72947","Mulberry","AR","35.547052990924705","-94.04021991004765","N/A","N/A","-21","-100"
"80741","Merino","CO","40.55968806082353","-103.47335547674193","N/A","N/A","-21","-100"
"75501","Texarkana","TX","33.37411658373268","-94.13170476845852","N/A","N/A","-20","-100"
"68601","Columbus","NE","41.452052794677954","-97.39480829777283","N/A","N/A","-20","-100"
"68832","Doniphan","NE","40.769624624868314","-98.3660679551092","N/A","N/A","-20","-100"
"79566","Wingate","TX","32.15452635142282","-100.10978996213254","N/A","N/A","-20","-100"
"73034","Edmond","OK","35.69877444959029","-97.42666974213775","N/A","N/A","-20","-100"
"24184","Wirtz","VA","37.08810847607037","-79.7764454063153","N/A","N/A","-20","-100"
"67010","Augusta","KS","37.660985038241684","-96.97388286810671","N/A","N/A","-20","-100"
"85326","Buckeye","AZ","33.237329401172964","-112.58538730530495","N/A","N/A","-20","-100"
"77511","Alvin","TX","29.38637718405368","-95.23771253635222","N/A","N/A","-19","-100"
"51031","Le Mars","IA","42.802819433425604","-96.18092107049165","N/A","N/A","-19","-100"
"37363","Ooltewah","TN","35.115500532116734","-85.0549004351388","N/A","N/A","-19","-100"
"75094","Plano","TX","33.01876253249542","-96.61479961895216","N/A","N/A","-19","-100"
"76458","Jacksboro","TX","33.21517080208948","-98.18943713216937","N/A","N/A","-19","-100"
"72106","Mayflower","AR","34.969970078509775","-92.48731939401198","N/A","N/A","-19","-100"
"78410","Corpus Christi","TX","27.837992296291475","-97.59389352244001","N/A","N/A","-19","-100"
"79567","Winters","TX","31.976765658624558","-99.97785463382333","N/A","N/A","-19","-100"
"78582","Rio Grande City","TX","26.53937091783674","-98.73985248411401","N/A","N/A","-19","-100"
"79606","Abilene","TX","32.35474476278072","-99.83141488090702","N/A","N/A","-18","-100"
"78576","Penitas","TX","26.325810124888722","-98.46800424586505","N/A","N/A","-18","-100"
"71854","Genoa","AR","33.44443697473592","-93.90503878930198","N/A","N/A","-18","-100"
"74801","Shawnee","OK","35.31749440525248","-96.96824283068844","N/A","N/A","-18","-100"
"73029","Cyril","OK","34.899996508169444","-98.21016746345563","N/A","N/A","-18","-100"
"64776","Osceola","MO","38.04243260416014","-93.67469000437538","N/A","N/A","-18","-100"
"74055","Owasso","OK","36.27733203802418","-95.82003681234552","N/A","N/A","-18","-100"
"75065","Lake Dallas","TX","33.11106225624052","-97.01275708996126","N/A","N/A","-18","-100"
"51024","Hinton","IA","42.62011593199955","-96.26566007762138","N/A","N/A","-18","-100"
"76063","Mansfield","TX","32.569116663951164","-97.14373845649109","N/A","N/A","-18","-100"
"65084","Versailles","MO","38.43573770188575","-92.85116746693204","N/A","N/A","-18","-100"
"69040","Palisade","NE","40.35564010577498","-101.12028323288","N/A","N/A","-17","-100"
"63640","Farmington","MO","37.75449140071537","-90.36523499417113","N/A","N/A","-17","-100"
"76442","Comanche","TX","31.890168316390717","-98.61242135495417","N/A","N/A","-17","-100"
"29067","Kershaw","SC","34.549781626633724","-80.5326930743723","N/A","N/A","-17","-100"
"67546","Inman","KS","38.22810046605171","-97.82114400564754","N/A","N/A","-17","-100"
"73573","Waurika","OK","34.15559048175209","-97.9540804418875","N/A","N/A","-16","-100"
"77306","Conroe","TX","30.279963207177666","-95.31341667795482","N/A","N/A","-16","-100"
"71744","Hampton","AR","33.49200748484871","-92.47536297764745","N/A","N/A","-16","-100"
"29486","Summerville","SC","33.10742420306641","-80.14578563139139","N/A","N/A","-16","-100"
"50009","Altoona","IA","41.64311577629","-93.45945918885982","N/A","N/A","-16","-100"
"79330","Justiceburg","TX","33.03074456643718","-101.21722651586751","N/A","N/A","-16","-100"
"75703","Tyler","TX","32.238245099712515","-95.31948593198032","N/A","N/A","-16","-100"
"79602","Abilene","TX","32.33567584794678","-99.66992143452991","N/A","N/A","-16","-100"
"75551","Atlanta","TX","33.116488623564535","-94.20325423141666","N/A","N/A","-16","-100"
"67026","Clearwater","KS","37.51047760134203","-97.49240019791425","N/A","N/A","-16","-100"
"66846","Council Grove","KS","38.64383678503404","-96.47186534987355","N/A","N/A","-16","-100"
"79772","Pecos","TX","31.398507651006575","-103.58669642596138","N/A","N/A","-15","-100"
"36352","Newton","AL","31.256822907410296","-85.61630747023345","N/A","N/A","-15","-100"
"72712","Bentonville","AR","36.398411645663536","-94.22190015940832","N/A","N/A","-15","-100"
"64701","Harrisonville","MO","38.620533434296476","-94.3377931896637","N/A","N/A","-15","-100"
"65023","Centertown","MO","38.65272276039067","-92.39916059847897","N/A","N/A","-15","-100"
"79252","Quanah","TX","34.31004240858743","-99.8087252730061","N/A","N/A","-15","-100"
"79545","Roscoe","TX","32.418048619076984","-100.57751096140144","N/A","N/A","-15","-100"
"39532","Biloxi","MS","30.501075598957517","-88.97386149593568","N/A","N/A","-15","-100"
"79093","Waka","TX","36.26636896753753","-101.02997072255731","N/A","N/A","-15","-100"
"76857","May","TX","31.933575517079678","-98.93313090304564","N/A","N/A","-15","-100"
"34288","North Port","FL","27.053826924739717","-82.11163034869253","N/A","N/A","-14","-100"
"76802","Early","TX","31.719392093498875","-98.89490813148444","N/A","N/A","-14","-100"
"76444","De Leon","TX","32.11782796748904","-98.56721475409975","N/A","N/A","-14","-100"
"50830","Afton","IA","41.02420425471524","-94.19036036080117","N/A","N/A","-14","-100"
"73012","Edmond","OK","35.66814337689161","-97.59314967592626","N/A","N/A","-14","-100"
"77519","Batson","TX","30.21130243676971","-94.585957541291","N/A","N/A","-14","-100"
"74857","Newalla","OK","35.34131120173078","-97.19577062725347","N/A","N/A","-14","-100"
"76691","Ross","TX","31.775625933412005","-97.09721745742544","N/A","N/A","-14","-100"
"75068","Little Elm","TX","33.17710638028315","-96.95229356105938","N/A","N/A","-14","-100"
"76273","Whitesboro","TX","33.74795155141048","-96.93937456226365","N/A","N/A","-14","-100"
"73045","Harrah","OK","35.51199717279835","-97.14139531093392","N/A","N/A","-14","-100"
"74730","Calera","OK","33.904654105359285","-96.43361396374137","N/A","N/A","-13","-100"
"70592","Youngsville","LA","30.080259167843774","-92.01338090315228","N/A","N/A","-13","-100"
"79504","Baird","TX","32.31335592788159","-99.35270316006418","N/A","N/A","-12","-100"
"76131","Fort Worth","TX","32.882263745317594","-97.34893457974098","N/A","N/A","-12","-100"
"75169","Wills Point","TX","32.70336095835955","-95.99754867825385","N/A","N/A","-12","-100"
"79525","Hawley","TX","32.62746269883887","-99.82711663100434","N/A","N/A","-12","-100"
"79756","Monahans","TX","31.546274178858663","-102.88340225194005","N/A","N/A","-12","-100"
"76272","Valley View","TX","33.464227053294934","-97.1272084123822","N/A","N/A","-12","-100"
"79381","Wilson","TX","33.32313944671476","-101.76984007150119","N/A","N/A","-12","-100"
"78253","San Antonio","TX","29.469000452775134","-98.7888865929583","N/A","N/A","-12","-100"
"75071","McKinney","TX","33.24557913609838","-96.62954450185732","N/A","N/A","-12","-100"
"74041","Kiefer","OK","35.938098109330205","-96.05547159091724","N/A","N/A","-11","-100"
"75167","Waxahachie","TX","32.36121470112798","-96.9154797963931","N/A","N/A","-11","-100"
"72012","Beebe","AR","35.10201826060926","-91.91792529981248","N/A","N/A","-11","-100"
"69131","Dalton","NE","41.42161105867571","-103.00047676719237","N/A","N/A","-11","-100"
"78163","Bulverde","TX","29.766310668022307","-98.44512549129311","N/A","N/A","-10","-100"
"79244","Matador","TX","34.03832483259313","-100.80591711386991","N/A","N/A","-10","-100"
"78039","La Coste","TX","29.31322525404477","-98.82529832270997","N/A","N/A","-10","-100"
"77433","Cypress","TX","29.949198777812132","-95.73979301894369","N/A","N/A","-9","-100"
"75054","Grand Prairie","TX","32.60038706637068","-97.0340814716196","N/A","N/A","-9","-100"
"76129","Fort Worth","TX","32.709324075149276","-97.36269008853701","N/A","N/A","-9","-100"
"79754","Mentone","TX","31.817310655111314","-103.49167142651073","N/A","N/A","-2","-100"
"79324","Enochs","TX","33.88759954112536","-102.73535615855373","N/A","N/A","-1","-100"
"79045","Hereford","TX","34.898318536599675","-102.51226423636513","66.375","235438","-26191","-10.010740399573436"
"79035","Friona","TX","34.683061708389864","-102.78584207815418","7.944","28179","-4463","-13.672569082776786"
"79027","Dimmitt","TX","34.49238440824139","-102.33782243550337","7.909","28055","275","0.989920806335487"
"79009","Bovina","TX","34.53013725001307","-102.88531693495197","1.409","4996","-1327","-20.986873319626763"
"79015","Canyon","TX","34.952579920396204","-101.89925380361","0.921","3265","-3376","-50.83571751242283"
"88101","Clovis","NM","34.50115451799958","-103.26614574694032","0.91","3227","-1406","-30.34750701489316"
"79106","Amarillo","TX","35.20372368938941","-101.89179043562152","0.598","2123","472","28.58873410054512"
"79109","Amarillo","TX","35.16651505224482","-101.88630707688847","0.513","1819","-418","-18.685739830129634"
"79043","Hart","TX","34.36762093313281","-102.13741736009392","0.512","1815","434","31.42650253439536"
"79107","Amarillo","TX","35.231177843018955","-101.79461114299778","0.478","1694","-444","-20.767072029934518"
"79347","Muleshoe","TX","34.18800022090581","-102.7969164681416","0.336","1192","-1073","-47.37306843267108"
"79118","Amarillo","TX","35.10101572509041","-101.74863892952389","0.318","1129","-453","-28.634639696586596"
"79072","Plainview","TX","34.17191678795003","-101.74498904341884","0.316","1121","-112","-9.083536090835365"
"79325","Farwell","TX","34.40800769377169","-102.93817372515755","0.301","1067","-81","-7.055749128919864"
"88130","Portales","NM","34.12850110044573","-103.31834353451097","0.294","1045","-1057","-50.28544243577545"
"79119","Amarillo","TX","35.10876549719692","-102.01964941090895","0.275","977","-171","-14.895470383275267"
"79103","Amarillo","TX","35.18296831062553","-101.79993096604811","0.254","903","312","52.79187817258884"
"79110","Amarillo","TX","35.14945686545956","-101.87109999565705","0.206","730","-410","-35.96491228070175"
"79108","Amarillo","TX","35.37512610260337","-101.80306150601324","0.203","720","-546","-43.127962085308056"
"79336","Levelland","TX","33.59962149639405","-102.40214076581438","0.195","691","481","229.04761904761904"
"79102","Amarillo","TX","35.19946830427219","-101.84646064605398","0.184","653","24","3.8155802861685295"
"79407","Lubbock","TX","33.565659801381386","-102.08895165723827","0.155","550","-177","-24.34662998624484"
"79226","Clarendon","TX","34.91962119007817","-100.99228537468825","0.152","537","349","185.63829787234042"
"88135","Texico","NM","34.56213387777816","-103.08208000718022","0.148","526","99","23.185011709601877"
"79092","Vega","TX","35.28133717283644","-102.48783246878094","0.147","522","82","18.63636363636363"
"79031","Earth","TX","34.24499950248355","-102.45223758862797","0.14","496","-252","-33.68983957219251"
"77035","Houston","TX","29.652696159632725","-95.47685472780546","0.137","486","429","752.6315789473686"
"79029","Dumas","TX","35.895090656663946","-102.02756045998295","0.136","482","-136","-22.006472491909392"
"79068","Panhandle","TX","35.33633404903216","-101.45220869748087","0.125","442","-8","-1.7777777777777781"
"79124","Amarillo","TX","35.268928623180045","-102.0270552334279","0.123","436","10","2.3474178403755763"
"Unknown","N/A","","N/A","N/A","0.122","432","-235","-35.23238380809596"
